sanskrit,sanskrit_iast
धर्मक्षेत्रे,dharmakṣetre
कुरुक्षेत्रे,kurukṣetre
समवेताः,samavetāḥ
युयुत्सवः,yuyutsavaḥ
मामकाः,māmakāḥ
पाण्डवाः,pāṇḍavāḥ
च,ca
एव,eva
किम्,kim
अकुर्वत,akurvata
सञ्जय,sañjaya
दृष्ट्वा,dṛṣṭvā
तु,tu
पाण्डवानीकम्,pāṇḍavānīkam
व्यूढम्,vyūḍham
दुर्योधनः,duryodhanaḥ
तदा,tadā
आचार्यम्,ācāryam
उपसङ्गम्य,upasaṅgamya
राजा,rājā
वचनम्,vacanam
अब्रवीत्,abravīt
पश्य,paśya
एताम्,etām
पाण्डुपुत्राणाम्,pāṇḍuputrāṇām
आचार्य,ācārya
महतीम्,mahatīm
चमूम्,camūm
व्यूढाम्,vyūḍhām
द्रुपदपुत्रेण,drupadaputreṇa
तव,tava
शिष्येण,śiṣyeṇa
धीमता,dhīmatā
अत्र,atra
शूराः,śūrāḥ
महेष्वासाः,maheṣvāsāḥ
भीमार्जुनसमाः,bhīmārjunasamāḥ
युधि,yudhi
युयुधानः,yuyudhānaḥ
विराटः,virāṭaḥ
द्रुपदः,drupadaḥ
महारथः,mahārathaḥ
धृष्टकेतुः,dhṛṣṭaketuḥ
चेकितानः,cekitānaḥ
काशिराजः,kāśirājaḥ
वीर्यवान्,vīryavān
पुरुजित्,purujit
कुन्तिभोजः,kuntibhojaḥ
शैब्यः,śaibyaḥ
नरपुङ्गवः,narapuṅgavaḥ
युधामन्युः,yudhāmanyuḥ
विक्रान्तः,vikrāntaḥ
उत्तमौजाः,uttamaujāḥ
सौभद्रः,saubhadraḥ
द्रौपदेयाः,draupadeyāḥ
सर्वे,sarve
महारथाः,mahārathāḥ
अस्माकम्,asmākam
विशिष्टाः,viśiṣṭāḥ
ये,ye
तान्,tān
निबोध,nibodha
द्विजोत्तम,dvijottama
नायकाः,nāyakāḥ
मम,mama
सैन्यस्य,sainyasya
संज्ञार्थम्,saṃjñārtham
ब्रवीमि,bravīmi
ते,te
भवान्,bhavān
भीष्मः,bhīṣmaḥ
कर्णः,karṇaḥ
कृपः,kṛpaḥ
समितिञ्जयः,samitiñjayaḥ
अश्वत्थामा,aśvatthāmā
विकर्णः,vikarṇaḥ
सौमदत्तिः,saumadattiḥ
तथा,tathā
अन्ये,anye
बहवः,bahavaḥ
मदर्थे,madarthe
त्यक्तजीविताः,tyaktajīvitāḥ
नानाशस्त्रप्रहरणाः,nānāśastrapraharaṇāḥ
युद्धविशारदाः,yuddhaviśāradāḥ
अपर्याप्तम्,aparyāptam
तत्,tat
बलम्,balam
भीष्माभिरक्षितम्,bhīṣmābhirakṣitam
पर्याप्तम्,paryāptam
इदम्,idam
एतेषाम्,eteṣām
भीमाभिरक्षितम्,bhīmābhirakṣitam
अयनेषु,ayaneṣu
सर्वेषु,sarveṣu
यथाभागम्,yathābhāgam
अवस्थिताः,avasthitāḥ
भीष्मम्,bhīṣmam
अभिरक्षन्तु,abhirakṣantu
भवन्तः,bhavantaḥ
हि,hi
तस्य,tasya
संजयन्,saṃjayan
हर्षम्,harṣam
कुरुवृद्धः,kuruvṛddhaḥ
पितामहः,pitāmahaḥ
सिंहनादम्,siṃhanādam
विनद्य,vinadya
उच्चैः,uccaiḥ
शङ्खम्,śaṅkham
दध्मौ,dadhmau
प्रतापवान्,pratāpavān
ततः,tataḥ
शङ्खाः,śaṅkhāḥ
भेर्यः,bheryaḥ
पणवानकगोमुखाः,paṇavānakagomukhāḥ
सहसा,sahasā
अभ्यहन्यन्त,abhyahanyanta
सः,saḥ
शब्दः,śabdaḥ
तुमुलः,tumulaḥ
अभवत्,abhavat
श्वेतैः,śvetaiḥ
हयैः,hayaiḥ
युक्ते,yukte
महति,mahati
स्यन्दने,syandane
स्थितौ,sthitau
माधवः,mādhavaḥ
पाण्डवः,pāṇḍavaḥ
दिव्यौ,divyau
शङ्खौ,śaṅkhau
प्रदध्मतुः,pradadhmatuḥ
पाञ्चजन्यम्,pāñcajanyam
हृषीकेशः,hṛṣīkeśaḥ
देवदत्तम्,devadattam
धनञ्जयः,dhanañjayaḥ
पौण्ड्रम्,pauṇḍram
महाशङ्खम्,mahāśaṅkham
भीमकर्मा,bhīmakarmā
वृकोदरः,vṛkodaraḥ
अनन्तविजयम्,anantavijayam
कुन्तीपुत्रः,kuntīputraḥ
युधिष्ठिरः,yudhiṣṭhiraḥ
नकुलः,nakulaḥ
सहदेवः,sahadevaḥ
सुघोषमणिपुष्पकौ,sughoṣamaṇipuṣpakau
काश्यः,kāśyaḥ
परमेष्वासः,parameṣvāsaḥ
शिखण्डी,śikhaṇḍī
धृष्टद्युम्नः,dhṛṣṭadyumnaḥ
सात्यकिः,sātyakiḥ
अपराजितः,aparājitaḥ
सर्वशः,sarvaśaḥ
पृथिवीपते,pṛthivīpate
महाबाहुः,mahābāhuḥ
शङ्खान्,śaṅkhān
दध्मुः,dadhmuḥ
पृथक् पृथक्,pṛthak pṛthak
घोषः,ghoṣaḥ
धार्तराष्ट्राणाम्,dhārtarāṣṭrāṇām
हृदयानि,hṛdayāni
व्यदारयत्,vyadārayat
नभः,nabhaḥ
पृथिवीम्,pṛthivīm
व्यनुनादयन्,vyanunādayan
अथ,atha
व्यवस्थितान्,vyavasthitān
धार्तराष्ट्रान्,dhārtarāṣṭrān
कपिध्वजः,kapidhvajaḥ
प्रवृत्ते,pravṛtte
शस्त्रसंपाते,śastrasaṃpāte
धनुः,dhanuḥ
उद्यम्य,udyamya
हृषीकेशम्,hṛṣīkeśam
वाक्यम्,vākyam
आह,āha
महीपते,mahīpate
सेनयोः,senayoḥ
उभयोः,ubhayoḥ
मध्ये,madhye
रथम्,ratham
स्थापय,sthāpaya
मे,me
अच्युत,acyuta
यावत्,yāvat
एतान्,etān
निरीक्षे,nirīkṣe
अहम्,aham
योद्धुकामान्,yoddhukāmān
अवस्थितान्,avasthitān
कैः,kaiḥ
मया,mayā
सह,saha
योद्धव्यम्,yoddhavyam
अस्मिन्,asmin
रणसमुद्यमे,raṇasamudyame
योत्स्यमानान्,yotsyamānān
अवेक्षे,avekṣe
एते,ete
समागताः,samāgatāḥ
धार्तराष्ट्रस्य,dhārtarāṣṭrasya
दुर्बुद्धेः,durbuddheḥ
युद्धे,yuddhe
प्रियचिकीर्षवः,priyacikīrṣavaḥ
एवम्,evam
उक्तः,uktaḥ
गुडाकेशेन,guḍākeśena
भारत,bhārata
स्थापयित्वा,sthāpayitvā
रथोत्तमम्,rathottamam
भीष्मद्रोणप्रमुखतः,bhīṣmadroṇapramukhataḥ
सर्वेषाम्,sarveṣām
महीक्षिताम्,mahīkṣitām
उवाच,uvāca
पार्थ,pārtha
समवेतान्,samavetān
कुरून्,kurūn
इति,iti
तत्र,tatra
अपश्यत्,apaśyat
स्थितान्,sthitān
पार्थः,pārthaḥ
पितॄन्,pitṝn
पितामहान्,pitāmahān
आचार्यान्,ācāryān
मातुलान्,mātulān
भ्रातॄन्,bhrātṝn
पुत्रान्,putrān
पौत्रान्,pautrān
सखीन्,sakhīn
श्वशुरान्,śvaśurān
सुहृदः,suhṛdaḥ
अपि,api
समीक्ष्य,samīkṣya
कौन्तेयः,kaunteyaḥ
सर्वान्,sarvān
बन्धून्,bandhūn
कृपया,kṛpayā
परया,parayā
आविष्टः,āviṣṭaḥ
विषीदन्,viṣīdan
इमम्,imam
स्वजनम्,svajanam
कृष्ण,kṛṣṇa
युयुत्सुम्,yuyutsum
समुपस्थितम्,samupasthitam
सीदन्ति,sīdanti
गात्राणि,gātrāṇi
मुखम्,mukham
परिशुष्यति,pariśuṣyati
वेपथुः,vepathuḥ
शरीरे,śarīre
रोमहर्षः,romaharṣaḥ
जायते,jāyate
गाण्डीवम्,gāṇḍīvam
स्रंसते,sraṃsate
हस्तात्,hastāt
त्वक्,tvak
परिदह्यते,paridahyate
न,na
शक्नोमि,śaknomi
अवस्थातुम्,avasthātum
भ्रमति,bhramati
इव,iva
मनः,manaḥ
निमित्तानि,nimittāni
पश्यामि,paśyāmi
विपरीतानि,viparītāni
केशव,keśava
श्रेयः,śreyaḥ
अनुपश्यामि,anupaśyāmi
हत्वा,hatvā
आहवे,āhave
काङ्क्षे,kāṅkṣe
विजयम्,vijayam
राज्यम्,rājyam
सुखानि,sukhāni
नः,naḥ
राज्येन,rājyena
गोविन्द,govinda
भोगैः,bhogaiḥ
जीवितेन,jīvitena
वा,vā
येषाम्,yeṣām
अर्थे,arthe
काङ्क्षितम्,kāṅkṣitam
भोगाः,bhogāḥ
इमे,ime
प्राणान्,prāṇān
त्यक्त्वा,tyaktvā
धनानि,dhanāni
आचार्याः,ācāryāḥ
पितरः,pitaraḥ
पुत्राः,putrāḥ
पितामहाः,pitāmahāḥ
मातुलाः,mātulāḥ
श्वशुराः,śvaśurāḥ
पौत्राः,pautrāḥ
श्यालाः,śyālāḥ
सम्बन्धिनः,sambandhinaḥ
हन्तुम्,hantum
इच्छामि,icchāmi
घ्नतः,ghnataḥ
मधुसूदन,madhusūdana
त्रैलोक्यराज्यस्य,trailokyarājyasya
हेतोः,hetoḥ
नु,nu
महीकृते,mahīkṛte
निहत्य,nihatya
का,kā
प्रीतिः,prītiḥ
स्यात्,syāt
जनार्दन,janārdana
पापम्,pāpam
आश्रयेत्,āśrayet
अस्मान्,asmān
आततायिनः,ātatāyinaḥ
तस्मात्,tasmāt
अर्हाः,arhāḥ
वयम्,vayam
स्वबान्धवान्,svabāndhavān
कथम्,katham
सुखिनः,sukhinaḥ
स्याम,syāma
माधव,mādhava
यद्यपि,yadyapi
पश्यन्ति,paśyanti
लोभोपहतचेतसः,lobhopahatacetasaḥ
कुलक्षयकृतम्,kulakṣayakṛtam
दोषम्,doṣam
मित्रद्रोहे,mitradrohe
पातकम्,pātakam
ज्ञेयम्,jñeyam
अस्माभिः,asmābhiḥ
पापात्,pāpāt
अस्मात्,asmāt
निवर्तितुम्,nivartitum
प्रपश्यद्भिः,prapaśyadbhiḥ
कुलक्षये,kulakṣaye
प्रणश्यन्ति,praṇaśyanti
कुलधर्माः,kuladharmāḥ
सनातनाः,sanātanāḥ
धर्मे,dharme
नष्टे,naṣṭe
कुलम्,kulam
कृत्स्नम्,kṛtsnam
अधर्मः,adharmaḥ
अभिभवति,abhibhavati
उत,uta
अधर्माभिभवात्,adharmābhibhavāt
प्रदुष्यन्ति,praduṣyanti
कुलस्त्रियः,kulastriyaḥ
स्त्रीषु,strīṣu
दुष्टासु,duṣṭāsu
वार्ष्णेय,vārṣṇeya
वर्णसङ्करः,varṇasaṅkaraḥ
सङ्करः,saṅkaraḥ
नरकाय,narakāya
कुलघ्नानाम्,kulaghnānām
कुलस्य,kulasya
पतन्ति,patanti
एषां,eṣāṃ
लुप्तपिण्डोदकक्रियाः,luptapiṇḍodakakriyāḥ
दोषैः,doṣaiḥ
एतैः,etaiḥ
वर्णसङ्करकारकैः,varṇasaṅkarakārakaiḥ
उत्साद्यन्ते,utsādyante
जातिधर्माः,jātidharmāḥ
शाश्वताः,śāśvatāḥ
उत्सन्नकुलधर्माणाम्,utsannakuladharmāṇām
मनुष्याणाम्,manuṣyāṇām
नरके,narake
अनियतं,aniyataṃ
वासः,vāsaḥ
भवति,bhavati
अनुशुश्रुम,anuśuśruma
अहो,aho
बत,bata
महत्,mahat
कर्तुम्,kartum
व्यवसिताः,vyavasitāḥ
यत्,yat
राज्यसुखलोभेन,rājyasukhalobhena
उद्यताः,udyatāḥ
यदि,yadi
माम्,mām
अप्रतीकारम्,apratīkāram
अशस्त्रम्,aśastram
शस्त्रपाणयः,śastrapāṇayaḥ
धार्तराष्ट्राः,dhārtarāṣṭrāḥ
रणे,raṇe
हन्युः,hanyuḥ
क्षेमतरम्,kṣemataram
भवेत्,bhavet
उक्त्वा,uktvā
अर्जुनः,arjunaḥ
संख्ये,saṃkhye
रथोपस्थे,rathopasthe
उपाविशत्,upāviśat
विसृज्य,visṛjya
सशरम्,saśaram
चापम्,cāpam
शोकसंविग्नमानसः,śokasaṃvignamānasaḥ
तम्,tam
आविष्टम्,āviṣṭam
अश्रुपूर्णाकुलेक्षणम्,aśrupūrṇākulekṣaṇam
विषीदन्तम्,viṣīdantam
मघुसूदनः,maghusūdanaḥ
कुतः,kutaḥ
त्वा,tvā
कश्मलम्,kaśmalam
विषमे,viṣame
अनार्यजुष्टम्,anāryajuṣṭam
अस्वर्ग्यम्,asvargyam
अकीर्तिकरम्,akīrtikaram
अर्जुन,arjuna
क्लैब्यम्,klaibyam
मा,mā
स्म,sma
गमः,gamaḥ
एतत्,etat
त्वयि,tvayi
उपपद्यते,upapadyate
क्षुद्रम्,kṣudram
हृदयदौर्बल्यम्,hṛdayadaurbalyam
उत्तिष्ठ,uttiṣṭha
परन्तप,parantapa
द्रोणम्,droṇam
इषुभिः,iṣubhiḥ
प्रति,prati
योत्स्यामि,yotsyāmi
पूजार्हौ,pūjārhau
अरिसूदन,arisūdana
गुरून्,gurūn
अहत्वा,ahatvā
महानुभावान्,mahānubhāvān
भोक्तुम्,bhoktum
भैक्ष्यम्,bhaikṣyam
इह,iha
लोके,loke
अर्थकामान्,arthakāmān
भुञ्जीय,bhuñjīya
भोगान्,bhogān
रुधिरप्रदिग्धान्,rudhirapradigdhān
विद्मः,vidmaḥ
कतरत्,katarat
गरीयः,garīyaḥ
जयेम,jayema
जयेयुः,jayeyuḥ
यान्,yān
जिजीविषामः,jijīviṣāmaḥ
प्रमुखे,pramukhe
कार्पण्यदोषोपहतस्वभावः,kārpaṇyadoṣopahatasvabhāvaḥ
पृच्छामि,pṛcchāmi
त्वाम्,tvām
धर्मसंमूढचेताः,dharmasaṃmūḍhacetāḥ
निश्चितम्,niścitam
ब्रूहि,brūhi
शिष्यः,śiṣyaḥ
शाधि,śādhi
प्रपन्नम्,prapannam
प्रपश्यामि,prapaśyāmi
अपनुद्यात्,apanudyāt
शोकम्,śokam
उच्छोषणम्,ucchoṣaṇam
इन्द्रियाणाम्,indriyāṇām
अवाप्य,avāpya
भूमौ,bhūmau
असपत्नम्,asapatnam
ऋद्धम्,ṛddham
सुराणाम्,surāṇām
आधिपत्यम्,ādhipatyam
गुडाकेशः,guḍākeśaḥ
योत्स्ये,yotsye
गोविन्दम्,govindam
तूष्णीम्,tūṣṇīm
बभूव,babhūva
ह,ha
प्रहसन्,prahasan
वचः,vacaḥ
अशोच्यान्,aśocyān
अन्वशोचः,anvaśocaḥ
त्वम्,tvam
प्रज्ञावादान्,prajñāvādān
भाषसे,bhāṣase
गतासून्,gatāsūn
अगतासून्,agatāsūn
अनुशोचन्ति,anuśocanti
पण्डिताः,paṇḍitāḥ
जातु,jātu
आसम्,āsam
जनाधिपाः,janādhipāḥ
भविष्यामः,bhaviṣyāmaḥ
अतः,ataḥ
परम्,param
देहिनः,dehinaḥ
यथा,yathā
देहे,dehe
कौमारम्,kaumāram
यौवनम्,yauvanam
जरा,jarā
देहान्तरप्राप्तिः,dehāntaraprāptiḥ
धीरः,dhīraḥ
मुह्यति,muhyati
मात्रास्पर्शाः,mātrāsparśāḥ
कौन्तेय,kaunteya
शीतोष्णसुखदुःखदाः,śītoṣṇasukhaduḥkhadāḥ
आगमापायिनः,āgamāpāyinaḥ
अनित्याः,anityāḥ
तितिक्षस्व,titikṣasva
यम्,yam
व्यथयन्ति,vyathayanti
पुरुषम्,puruṣam
पुरुषर्षभ,puruṣarṣabha
समदुःखसुखम्,samaduḥkhasukham
धीरम्,dhīram
अमृतत्वाय,amṛtatvāya
कल्पते,kalpate
असतः,asataḥ
विद्यते,vidyate
भावः,bhāvaḥ
अभावः,abhāvaḥ
सतः,sataḥ
दृष्टः,dṛṣṭaḥ
अन्तः,antaḥ
अनयोः,anayoḥ
तत्त्वदर्शिभिः,tattvadarśibhiḥ
अविनाशि,avināśi
विद्धि,viddhi
येन,yena
सर्वम्,sarvam
ततम्,tatam
विनाशम्,vināśam
अव्ययस्य,avyayasya
अस्य,asya
कश्चित्,kaścit
अर्हति,arhati
अन्तवन्तः,antavantaḥ
देहाः,dehāḥ
नित्यस्य,nityasya
उक्ताः,uktāḥ
शरीरिणः,śarīriṇaḥ
अनाशिनः,anāśinaḥ
अप्रमेयस्य,aprameyasya
युध्यस्व,yudhyasva
यः,yaḥ
एनम्,enam
वेत्ति,vetti
हन्तारम्,hantāram
मन्यते,manyate
हतम्,hatam
उभौ,ubhau
तौ,tau
विजानीतः,vijānītaḥ
अयम्,ayam
हन्ति,hanti
हन्यते,hanyate
म्रियते,mriyate
कदाचित्,kadācit
भूत्वा,bhūtvā
भविता,bhavitā
भूयः,bhūyaḥ
अजः,ajaḥ
नित्यः,nityaḥ
शाश्वतः,śāśvataḥ
पुराणः,purāṇaḥ
हन्यमाने,hanyamāne
वेद,veda
अविनाशिनम्,avināśinam
नित्यम्,nityam
अजम्,ajam
अव्ययम्,avyayam
पुरुषः,puruṣaḥ
कम्,kam
घातयति,ghātayati
वासांसि,vāsāṃsi
जीर्णानि,jīrṇāni
विहाय,vihāya
नवानि,navāni
गृह्णाति,gṛhṇāti
नरः,naraḥ
अपराणि,aparāṇi
शरीराणि,śarīrāṇi
अन्यानि,anyāni
संयाति,saṃyāti
देही,dehī
छिन्दन्ति,chindanti
शस्त्राणि,śastrāṇi
दहति,dahati
पावकः,pāvakaḥ
क्लेदयन्ति,kledayanti
आपः,āpaḥ
शोषयति,śoṣayati
मारुतः,mārutaḥ
अच्छेद्यः,acchedyaḥ
अदाह्यः,adāhyaḥ
अक्लेद्यः,akledyaḥ
अशोष्यः,aśoṣyaḥ
सर्वगतः,sarvagataḥ
स्थाणुः,sthāṇuḥ
अचलः,acalaḥ
सनातनः,sanātanaḥ
अव्यक्तः,avyaktaḥ
अचिन्त्यः,acintyaḥ
अविकार्यः,avikāryaḥ
उच्यते,ucyate
विदित्वा,viditvā
अनुशोचितुम्,anuśocitum
अर्हसि,arhasi
नित्यजातम्,nityajātam
मन्यसे,manyase
मृतम्,mṛtam
तथापि,tathāpi
महाबाहो,mahābāho
शोचितुम्,śocitum
जातस्य,jātasya
ध्रुवः,dhruvaḥ
मृत्युः,mṛtyuḥ
ध्रुवम्,dhruvam
जन्म,janma
मृतस्य,mṛtasya
अपरिहार्ये,aparihārye
अव्यक्तादीनि,avyaktādīni
भूतानि,bhūtāni
व्यक्तमध्यानि,vyaktamadhyāni
अव्यक्तनिधनानि,avyaktanidhanāni
परिदेवना,paridevanā
आश्चर्यवत्,āścaryavat
पश्यति,paśyati
वदति,vadati
अन्यः,anyaḥ
श्रृणोति,śrṛṇoti
श्रुत्वा,śrutvā
अवध्यः,avadhyaḥ
सर्वस्य,sarvasya
सर्वाणि,sarvāṇi
स्वधर्मम्,svadharmam
अवेक्ष्य,avekṣya
विकम्पितुम्,vikampitum
धर्म्यात्,dharmyāt
युद्धात्,yuddhāt
अन्यत्,anyat
क्षत्रियस्य,kṣatriyasya
यदृच्छया,yadṛcchayā
उपपन्नम्,upapannam
स्वर्गद्वारम्,svargadvāram
अपावृतम्,apāvṛtam
क्षत्रियाः,kṣatriyāḥ
लभन्ते,labhante
युद्धम्,yuddham
ईदृशम्,īdṛśam
चेत्,cet
धर्म्यम्,dharmyam
संग्रामम्,saṃgrāmam
करिष्यसि,kariṣyasi
कीर्तिम्,kīrtim
हित्वा,hitvā
अवाप्स्यसि,avāpsyasi
अकीर्तिम्,akīrtim
कथयिष्यन्ति,kathayiṣyanti
अव्ययाम्,avyayām
संभावितस्य,saṃbhāvitasya
अकीर्तिः,akīrtiḥ
मरणात्,maraṇāt
अतिरिच्यते,atiricyate
भयात्,bhayāt
रणात्,raṇāt
उपरतम्,uparatam
मंस्यन्ते,maṃsyante
बहुमतः,bahumataḥ
यास्यसि,yāsyasi
लाघवम्,lāghavam
अवाच्यवादान्,avācyavādān
बहून्,bahūn
वदिष्यन्ति,vadiṣyanti
अहिताः,ahitāḥ
निन्दन्तः,nindantaḥ
सामर्थ्यम्,sāmarthyam
दुःखतरम्,duḥkhataram
हतः,hataḥ
प्राप्स्यसि,prāpsyasi
स्वर्गम्,svargam
जित्वा,jitvā
भोक्ष्यसे,bhokṣyase
महीम्,mahīm
युद्धाय,yuddhāya
कृतनिश्चयः,kṛtaniścayaḥ
सुखदुःखे,sukhaduḥkhe
समे,same
कृत्वा,kṛtvā
लाभालाभौ,lābhālābhau
जयाजयौ,jayājayau
युज्यस्व,yujyasva
एषा,eṣā
अभिहिता,abhihitā
सांख्ये,sāṃkhye
बुद्धिः,buddhiḥ
योगे,yoge
इमाम्,imām
श्रृणु,śrṛṇu
बुद्ध्या,buddhyā
युक्तः,yuktaḥ
यया,yayā
कर्मबन्धम्,karmabandham
प्रहास्यसि,prahāsyasi
अभिक्रमनाशः,abhikramanāśaḥ
अस्ति,asti
प्रत्यवायः,pratyavāyaḥ
स्वल्पम्,svalpam
धर्मस्य,dharmasya
त्रायते,trāyate
महतः,mahataḥ
व्यवसायात्मिका,vyavasāyātmikā
एका,ekā
कुरुनन्दन,kurunandana
बहुशाखाः,bahuśākhāḥ
अनन्ताः,anantāḥ
बुद्धयः,buddhayaḥ
अव्यवसायिनाम्,avyavasāyinām
याम्,yām
पुष्पिताम्,puṣpitām
वाचम्,vācam
प्रवदन्ति,pravadanti
अविपश्चितः,avipaścitaḥ
वेदवादरताः,vedavādaratāḥ
वादिनः,vādinaḥ
कामात्मानः,kāmātmānaḥ
स्वर्गपराः,svargaparāḥ
जन्मकर्मफलप्रदाम्,janmakarmaphalapradām
क्रियाविशेषबहुलाम्,kriyāviśeṣabahulām
भोगैश्वर्यगतिम्,bhogaiśvaryagatim
भोगैश्वर्यप्रसक्तानाम्,bhogaiśvaryaprasaktānām
तया,tayā
अपहृतचेतसाम्,apahṛtacetasām
समाधौ,samādhau
विधीयते,vidhīyate
त्रैगुण्यविषयाः,traiguṇyaviṣayāḥ
वेदाः,vedāḥ
निस्त्रैगुण्यः,nistraiguṇyaḥ
भव,bhava
निर्द्वन्द्वः,nirdvandvaḥ
नित्यसत्त्वस्थः,nityasattvasthaḥ
निर्योगक्षेमः,niryogakṣemaḥ
आत्मवान्,ātmavān
यावान्,yāvān
अर्थः,arthaḥ
उदपाने,udapāne
सर्वतः,sarvataḥ
संप्लुतोदके,saṃplutodake
तावान्,tāvān
वेदेषु,vedeṣu
ब्राह्मणस्य,brāhmaṇasya
विजानतः,vijānataḥ
कर्मणि,karmaṇi
अधिकारः,adhikāraḥ
फलेषु,phaleṣu
कदाचन,kadācana
कर्मफलहेतुः,karmaphalahetuḥ
भूः,bhūḥ
सङ्गः,saṅgaḥ
अस्तु,astu
अकर्मणि,akarmaṇi
योगस्थः,yogasthaḥ
कुरु,kuru
कर्माणि,karmāṇi
सङ्गम्,saṅgam
धनञ्जय,dhanañjaya
सिद्ध्यसिद्ध्योः,siddhyasiddhyoḥ
समः,samaḥ
समत्वम्,samatvam
योगः,yogaḥ
दूरेण,dūreṇa
अवरम्,avaram
कर्म,karma
बुद्धियोगात्,buddhiyogāt
बुद्धौ,buddhau
शरणम्,śaraṇam
अन्विच्छ,anviccha
कृपणाः,kṛpaṇāḥ
फलहेतवः,phalahetavaḥ
बुद्धियुक्तः,buddhiyuktaḥ
जहाति,jahāti
उभे,ubhe
सुकृतदुष्कृते,sukṛtaduṣkṛte
योगाय,yogāya
कर्मसु,karmasu
कौशलम्,kauśalam
कर्मजम्,karmajam
बुद्धियुक्ताः,buddhiyuktāḥ
फलम्,phalam
मनीषिणः,manīṣiṇaḥ
जन्मबन्धविनिर्मुक्ताः,janmabandhavinirmuktāḥ
पदम्,padam
गच्छन्ति,gacchanti
अनामयम्,anāmayam
यदा,yadā
मोहकलिलम्,mohakalilam
व्यतितरिष्यति,vyatitariṣyati
गन्तासि,gantāsi
निर्वेदम्,nirvedam
श्रोतव्यस्य,śrotavyasya
श्रुतस्य,śrutasya
श्रुतिविप्रतिपन्ना,śrutivipratipannā
स्थास्यति,sthāsyati
निश्चला,niścalā
अचला,acalā
योगम्,yogam
स्थितप्रज्ञस्य,sthitaprajñasya
भाषा,bhāṣā
समाधिस्थस्य,samādhisthasya
स्थितधीः,sthitadhīḥ
प्रभाषेत,prabhāṣeta
आसीत,āsīta
व्रजेत,vrajeta
प्रजहाति,prajahāti
कामान्,kāmān
मनोगतान्,manogatān
आत्मनि,ātmani
आत्मना,ātmanā
तुष्टः,tuṣṭaḥ
स्थितप्रज्ञः,sthitaprajñaḥ
दुःखेषु,duḥkheṣu
अनुद्विग्नमनाः,anudvignamanāḥ
सुखेषु,sukheṣu
विगतस्पृहः,vigataspṛhaḥ
वीतरागभयक्रोधः,vītarāgabhayakrodhaḥ
मुनिः,muniḥ
सर्वत्र,sarvatra
अनभिस्नेहः,anabhisnehaḥ
तत् तत्,tat tat
प्राप्य,prāpya
शुभाशुभम्,śubhāśubham
अभिनन्दति,abhinandati
द्वेष्टि,dveṣṭi
प्रज्ञा,prajñā
प्रतिष्ठिता,pratiṣṭhitā
संहरते,saṃharate
कूर्मः,kūrmaḥ
अङ्गानि,aṅgāni
इन्द्रियाणि,indriyāṇi
इन्द्रियार्थेभ्यः,indriyārthebhyaḥ
विषयाः,viṣayāḥ
विनिवर्तन्ते,vinivartante
निराहारस्य,nirāhārasya
रसवर्जम्,rasavarjam
रसः,rasaḥ
निवर्तते,nivartate
यततः,yatataḥ
पुरुषस्य,puruṣasya
विपश्चितः,vipaścitaḥ
प्रमाथीनि,pramāthīni
हरन्ति,haranti
प्रसभम्,prasabham
तानि,tāni
संयम्य,saṃyamya
मत्परः,matparaḥ
वशे,vaśe
यस्य,yasya
ध्यायतः,dhyāyataḥ
विषयान्,viṣayān
पुंसः,puṃsaḥ
तेषु,teṣu
उपजायते,upajāyate
सङ्गात्,saṅgāt
संजायते,saṃjāyate
कामः,kāmaḥ
कामात्,kāmāt
क्रोधः,krodhaḥ
अभिजायते,abhijāyate
क्रोधात्,krodhāt
संमोहः,saṃmohaḥ
संमोहात्,saṃmohāt
स्मृतिविभ्रमः,smṛtivibhramaḥ
स्मृतिभ्रंशात्,smṛtibhraṃśāt
बुद्धिनाशः,buddhināśaḥ
बुद्धिनाशात्,buddhināśāt
प्रणश्यति,praṇaśyati
रागद्वेषवियुक्तैः,rāgadveṣaviyuktaiḥ
इन्द्रियैः,indriyaiḥ
चरन्,caran
आत्मवश्यैः,ātmavaśyaiḥ
विधेयात्मा,vidheyātmā
प्रसादम्,prasādam
अधिगच्छति,adhigacchati
प्रसादे,prasāde
सर्वदुःखानाम्,sarvaduḥkhānām
हानिः,hāniḥ
प्रसन्नचेतसः,prasannacetasaḥ
आशु,āśu
पर्यवतिष्ठते,paryavatiṣṭhate
अयुक्तस्य,ayuktasya
भावना,bhāvanā
अभावयतः,abhāvayataḥ
शान्तिः,śāntiḥ
अशान्तस्य,aśāntasya
सुखम्,sukham
चरताम्,caratām
अनुविधीयते,anuvidhīyate
हरति,harati
प्रज्ञाम्,prajñām
वायुः,vāyuḥ
नावम्,nāvam
अम्भसि,ambhasi
निगृहीतानि,nigṛhītāni
या,yā
निशा,niśā
सर्वभूतानाम्,sarvabhūtānām
तस्याम्,tasyām
जागर्ति,jāgarti
संयमी,saṃyamī
यस्याम्,yasyām
जाग्रति,jāgrati
सा,sā
पश्यतः,paśyataḥ
मुनेः,muneḥ
आपूर्यमाणम्,āpūryamāṇam
अचलप्रतिष्ठम्,acalapratiṣṭham
समुद्रम्,samudram
प्रविशन्ति,praviśanti
यद्वत्,yadvat
तद्वत्,tadvat
कामाः,kāmāḥ
शान्तिम्,śāntim
आप्नोति,āpnoti
कामकामी,kāmakāmī
पुमान्,pumān
चरति,carati
निःस्पृहः,niḥspṛhaḥ
निर्ममः,nirmamaḥ
निरहंकारः,nirahaṃkāraḥ
ब्राह्मी,brāhmī
स्थितिः,sthitiḥ
एनाम्,enām
विमुह्यति,vimuhyati
स्थित्वा,sthitvā
अस्याम्,asyām
अन्तकाले,antakāle
ब्रह्मनिर्वाणम्,brahmanirvāṇam
ऋच्छति,ṛcchati
ज्यायसी,jyāyasī
कर्मणः,karmaṇaḥ
मता,matā
घोरे,ghore
नियोजयसि,niyojayasi
व्यामिश्रेण,vyāmiśreṇa
वाक्येन,vākyena
बुद्धिम्,buddhim
मोहयसि,mohayasi
एकम्,ekam
वद,vada
निश्चित्य,niścitya
आप्नुयाम्,āpnuyām
द्विविधा,dvividhā
निष्ठा,niṣṭhā
पुरा,purā
प्रोक्ता,proktā
अनघ,anagha
ज्ञानयोगेन,jñānayogena
सांख्यानाम्,sāṃkhyānām
कर्मयोगेन,karmayogena
योगिनाम्,yoginām
कर्मणाम्,karmaṇām
अनारम्भात्,anārambhāt
नैष्कर्म्यम्,naiṣkarmyam
अश्नुते,aśnute
संन्यसनात्,saṃnyasanāt
सिद्धिम्,siddhim
समधिगच्छति,samadhigacchati
क्षणम्,kṣaṇam
तिष्ठति,tiṣṭhati
अकर्मकृत्,akarmakṛt
कार्यते,kāryate
अवशः,avaśaḥ
सर्वः,sarvaḥ
प्रकृतिजैः,prakṛtijaiḥ
गुणैः,guṇaiḥ
कर्मेन्द्रियाणि,karmendriyāṇi
आस्ते,āste
मनसा,manasā
स्मरन्,smaran
इन्द्रियार्थान्,indriyārthān
विमूढात्मा,vimūḍhātmā
मिथ्याचारः,mithyācāraḥ
नियम्य,niyamya
आरभते,ārabhate
कर्मेन्द्रियैः,karmendriyaiḥ
कर्मयोगम्,karmayogam
असक्तः,asaktaḥ
विशिष्यते,viśiṣyate
नियतम्,niyatam
ज्यायः,jyāyaḥ
अकर्मणः,akarmaṇaḥ
शरीरयात्रा,śarīrayātrā
प्रसिद्ध्येत्,prasiddhyet
यज्ञार्थात्,yajñārthāt
अन्यत्र,anyatra
लोकः,lokaḥ
कर्मबन्धनः,karmabandhanaḥ
तदर्थम्,tadartham
मुक्तसंगः,muktasaṃgaḥ
समाचार,samācāra
सहयज्ञाः,sahayajñāḥ
प्रजाः,prajāḥ
सृष्ट्वा,sṛṣṭvā
प्रजापतिः,prajāpatiḥ
अनेन,anena
प्रसविष्यध्वम्,prasaviṣyadhvam
एषः,eṣaḥ
वः,vaḥ
इष्टकामधुक्,iṣṭakāmadhuk
देवान्,devān
भावयत,bhāvayata
देवाः,devāḥ
भावयन्तु,bhāvayantu
परस्परम्,parasparam
भावयन्तः,bhāvayantaḥ
अवाप्स्यथ,avāpsyatha
इष्टान्,iṣṭān
दास्यन्ते,dāsyante
यज्ञभाविताः,yajñabhāvitāḥ
तैः,taiḥ
दत्तान्,dattān
अप्रदाय,apradāya
एभ्यः,ebhyaḥ
भुङ्क्ते,bhuṅkte
स्तेनः,stenaḥ
यज्ञशिष्टाशिनः,yajñaśiṣṭāśinaḥ
सन्तः,santaḥ
मुच्यन्ते,mucyante
सर्वकिल्बिषैः,sarvakilbiṣaiḥ
भुञ्जते,bhuñjate
अघम्,agham
पापाः,pāpāḥ
पचन्ति,pacanti
आत्मकारणात्,ātmakāraṇāt
अन्नात्,annāt
भवन्ति,bhavanti
पर्जन्यात्,parjanyāt
अन्नसम्भवः,annasambhavaḥ
यज्ञात्,yajñāt
पर्जन्यः,parjanyaḥ
यज्ञः,yajñaḥ
कर्मसमुद्भवः,karmasamudbhavaḥ
ब्रह्मोद्भवम्,brahmodbhavam
ब्रह्म,brahma
अक्षरसमुद्भवम्,akṣarasamudbhavam
सर्वगतम्,sarvagatam
यज्ञे,yajñe
प्रतिष्ठितम्,pratiṣṭhitam
प्रवर्तितम्,pravartitam
चक्रम्,cakram
अनुवर्तयति,anuvartayati
अघायुः,aghāyuḥ
इन्द्रियारामः,indriyārāmaḥ
मोघम्,mogham
जीवति,jīvati
आत्मरतिः,ātmaratiḥ
आत्मतृप्तः,ātmatṛptaḥ
मानवः,mānavaḥ
सन्तुष्टः,santuṣṭaḥ
कार्यम्,kāryam
कृतेन,kṛtena
अकृतेन,akṛtena
कश्चन्,kaścan
सर्वभूतेषु,sarvabhūteṣu
अर्थव्यपाश्रयः,arthavyapāśrayaḥ
सततम्,satatam
समाचर,samācara
आचरन्,ācaran
पूरुषः,pūruṣaḥ
कर्मणा,karmaṇā
संसिद्धिम्,saṃsiddhim
आस्थिताः,āsthitāḥ
जनकादयः,janakādayaḥ
लोकसंग्रहम्,lokasaṃgraham
संपश्यन्,saṃpaśyan
यत् यत्,yat yat
आचरति,ācarati
श्रेष्ठः,śreṣṭhaḥ
इतरः,itaraḥ
जनः,janaḥ
प्रमाणम्,pramāṇam
कुरुते,kurute
अनुवर्तते,anuvartate
कर्तव्यम्,kartavyam
त्रिषु,triṣu
लोकेषु,lokeṣu
किञ्चन,kiñcana
अनवाप्तम्,anavāptam
अवाप्तव्यम्,avāptavyam
वर्ते,varte
वर्तेयम्,varteyam
अतन्द्रितः,atandritaḥ
वर्त्म,vartma
अनुवर्तन्ते,anuvartante
मनुष्याः,manuṣyāḥ
उत्सीदेयुः,utsīdeyuḥ
लोकाः,lokāḥ
कुर्याम्,kuryām
सङ्करस्य,saṅkarasya
कर्ता,kartā
स्याम्,syām
उपहन्याम्,upahanyām
इमाः,imāḥ
सक्ताः,saktāḥ
अविद्वांसः,avidvāṃsaḥ
कुर्वन्ति,kurvanti
कुर्यात्,kuryāt
विद्वान्,vidvān
चिकीर्षुः,cikīrṣuḥ
बुद्धिभेदम्,buddhibhedam
जनयेत्,janayet
अज्ञानाम्,ajñānām
कर्मसङ्गिनाम्,karmasaṅginām
जोषयेत्,joṣayet
सर्वकर्माणि,sarvakarmāṇi
समाचरन्,samācaran
प्रकृतेः,prakṛteḥ
क्रियमाणानि,kriyamāṇāni
अहङ्कारविमूढात्मा,ahaṅkāravimūḍhātmā
तत्त्ववित्,tattvavit
गुणकर्म,guṇakarma
विभागयोः,vibhāgayoḥ
गुणाः,guṇāḥ
गुणेषु,guṇeṣu
वर्तन्ते,vartante
मत्वा,matvā
सज्जते,sajjate
गुणसंमूढाः,guṇasaṃmūḍhāḥ
सज्जन्ते,sajjante
गुणकर्मसु,guṇakarmasu
अकृत्स्नविदः,akṛtsnavidaḥ
मन्दान्,mandān
कृत्स्नवित्,kṛtsnavit
विचालयेत्,vicālayet
मयि,mayi
संन्यस्य,saṃnyasya
अध्यात्मचेतसा,adhyātmacetasā
निराशीः,nirāśīḥ
विगतज्वरः,vigatajvaraḥ
मतम्,matam
अनुतिष्ठन्ति,anutiṣṭhanti
मानवाः,mānavāḥ
श्रद्धावन्तः,śraddhāvantaḥ
अनसूयन्तः,anasūyantaḥ
कर्मभिः,karmabhiḥ
अभ्यसूयन्तः,abhyasūyantaḥ
सर्वज्ञानविमूढान्,sarvajñānavimūḍhān
नष्टान्,naṣṭān
अचेतसः,acetasaḥ
सदृशम्,sadṛśam
चेष्टते,ceṣṭate
स्वस्याः,svasyāḥ
ज्ञानवान्,jñānavān
प्रकृतिम्,prakṛtim
यान्ति,yānti
निग्रहः,nigrahaḥ
करिष्यति,kariṣyati
इन्द्रियस्य इन्द्रियस्य,indriyasya indriyasya
रागद्वेषौ,rāgadveṣau
व्यवस्थितौ,vyavasthitau
तयोः,tayoḥ
वशम्,vaśam
आगच्छेत्,āgacchet
परिपन्थिनौ,paripanthinau
श्रेयान्,śreyān
स्वधर्मः,svadharmaḥ
विगुणः,viguṇaḥ
परधर्मात्,paradharmāt
स्वनुष्ठितात्,svanuṣṭhitāt
स्वधर्मे,svadharme
निधनम्,nidhanam
परधर्मः,paradharmaḥ
भयावहः,bhayāvahaḥ
केन,kena
प्रयुक्तः,prayuktaḥ
अनिच्छन्,anicchan
बलात्,balāt
नियोजितः,niyojitaḥ
रजोगुणसमुद्भवः,rajoguṇasamudbhavaḥ
महाशनः,mahāśanaḥ
महापाप्मा,mahāpāpmā
वैरिणम्,vairiṇam
धूमेन,dhūmena
आव्रियते,āvriyate
वह्निः,vahniḥ
आदर्शः,ādarśaḥ
मलेन,malena
उल्बेन,ulbena
आवृतः,āvṛtaḥ
गर्भः,garbhaḥ
तेन,tena
आवृतम्,āvṛtam
ज्ञानम्,jñānam
एतेन,etena
ज्ञानिनः,jñāninaḥ
नित्यवैरिणा,nityavairiṇā
कामरूपेण,kāmarūpeṇa
दुष्पूरेण,duṣpūreṇa
अनलेन,analena
अधिष्ठानम्,adhiṣṭhānam
विमोहयति,vimohayati
आवृत्य,āvṛtya
देहिनम्,dehinam
आदौ,ādau
भरतर्षभ,bharatarṣabha
पाप्मानम्,pāpmānam
प्रजहि,prajahi
ज्ञानविज्ञाननाशनम्,jñānavijñānanāśanam
पराणि,parāṇi
आहुः,āhuḥ
इन्द्रियेभ्यः,indriyebhyaḥ
मनसः,manasaḥ
परा,parā
बुद्धेः,buddheḥ
परतः,parataḥ
बुद्ध्वा,buddhvā
संस्तभ्य,saṃstabhya
आत्मानम्,ātmānam
जहि,jahi
शत्रुम्,śatrum
कामरूपम्,kāmarūpam
दुरासदम्,durāsadam
विवस्वते,vivasvate
प्रोक्तवान्,proktavān
विवस्वान्,vivasvān
मनवे,manave
प्राह,prāha
मनुः,manuḥ
इक्ष्वाकवे,ikṣvākave
परम्पराप्राप्तम्,paramparāprāptam
राजर्षयः,rājarṣayaḥ
विदुः,viduḥ
कालेन,kālena
महता,mahatā
नष्टः,naṣṭaḥ
अद्य,adya
प्रोक्तः,proktaḥ
पुरातनः,purātanaḥ
भक्तः,bhaktaḥ
असि,asi
सखा,sakhā
रहस्यम्,rahasyam
उत्तमम्,uttamam
अपरम्,aparam
भवतः,bhavataḥ
विवस्वतः,vivasvataḥ
विजानीयाम्,vijānīyām
बहूनि,bahūni
व्यतीतानि,vyatītāni
जन्मानि,janmāni
वेत्थ,vettha
सन्,san
अव्ययात्मा,avyayātmā
भूतानाम्,bhūtānām
ईश्वरः,īśvaraḥ
स्वाम्,svām
अधिष्ठाय,adhiṣṭhāya
संभवामि,saṃbhavāmi
आत्ममायया,ātmamāyayā
यदा यदा,yadā yadā
ग्लानिः,glāniḥ
अभ्युत्थानम्,abhyutthānam
अधर्मस्य,adharmasya
सृजामि,sṛjāmi
परित्राणाय,paritrāṇāya
साधूनाम्,sādhūnām
विनाशाय,vināśāya
दुष्कृताम्,duṣkṛtām
धर्मसंस्थापनार्थाय,dharmasaṃsthāpanārthāya
युगे युगे,yuge yuge
दिव्यम्,divyam
तत्त्वतः,tattvataḥ
देहम्,deham
पुनः,punaḥ
एति,eti
वीतरागभयक्रोधाः,vītarāgabhayakrodhāḥ
मन्मयाः,manmayāḥ
उपाश्रिताः,upāśritāḥ
ज्ञानतपसा,jñānatapasā
पूताः,pūtāḥ
मद्भावम्,madbhāvam
आगताः,āgatāḥ
प्रपद्यन्ते,prapadyante
भजामि,bhajāmi
काङ्क्षन्तः,kāṅkṣantaḥ
यजन्ते,yajante
देवताः,devatāḥ
क्षिप्रम्,kṣipram
मानुषे,mānuṣe
सिद्धिः,siddhiḥ
कर्मजा,karmajā
चातुर्वर्ण्यम्,cāturvarṇyam
सृष्टम्,sṛṣṭam
गुणकर्मविभागशः,guṇakarmavibhāgaśaḥ
कर्तारम्,kartāram
अकर्तारम्,akartāram
लिम्पन्ति,limpanti
कर्मफले,karmaphale
स्पृहा,spṛhā
अभिजानाति,abhijānāti
बध्यते,badhyate
एवं,evaṃ
ज्ञात्वा,jñātvā
कृतम्,kṛtam
पूर्वैः,pūrvaiḥ
मुमुक्षुभिः,mumukṣubhiḥ
पूर्वतरम्,pūrvataram
अकर्म,akarma
कवयः,kavayaḥ
मोहिताः,mohitāḥ
प्रवक्ष्यामि,pravakṣyāmi
मोक्ष्यसे,mokṣyase
अशुभात्,aśubhāt
बोद्धव्यम्,boddhavyam
विकर्मणः,vikarmaṇaḥ
गहना,gahanā
गतिः,gatiḥ
पश्येत्,paśyet
बुद्धिमान्,buddhimān
मनुष्येषु,manuṣyeṣu
कृत्स्नकर्मकृत्,kṛtsnakarmakṛt
समारम्भाः,samārambhāḥ
कामसङ्कल्पवर्जिताः,kāmasaṅkalpavarjitāḥ
ज्ञानाग्निदग्धकर्माणम्,jñānāgnidagdhakarmāṇam
पण्डितम्,paṇḍitam
बुधाः,budhāḥ
कर्मफलासङ्गम्,karmaphalāsaṅgam
नित्यतृप्तः,nityatṛptaḥ
निराश्रयः,nirāśrayaḥ
अभिप्रवृत्तः,abhipravṛttaḥ
किञ्चित्,kiñcit
करोति,karoti
यतचित्तात्मा,yatacittātmā
त्यक्तसर्वपरिग्रहः,tyaktasarvaparigrahaḥ
शारीरम्,śārīram
केवलम्,kevalam
कुर्वन्,kurvan
किल्बिषम्,kilbiṣam
यदृच्छालाभसन्तुष्टः,yadṛcchālābhasantuṣṭaḥ
द्वन्द्वातीतः,dvandvātītaḥ
विमत्सरः,vimatsaraḥ
सिद्धौ,siddhau
असिद्धौ,asiddhau
निबध्यते,nibadhyate
गतसङ्गस्य,gatasaṅgasya
मुक्तस्य,muktasya
ज्ञानावस्थितचेतसः,jñānāvasthitacetasaḥ
यज्ञाय,yajñāya
आचरतः,ācarataḥ
समग्रम्,samagram
प्रविलीयते,pravilīyate
अर्पणम्,arpaṇam
हविः,haviḥ
ब्रह्माग्नौ,brahmāgnau
ब्रह्मणा,brahmaṇā
हुतम्,hutam
गन्तव्यम्,gantavyam
ब्रह्मकर्मसमाधिना,brahmakarmasamādhinā
दैवम्,daivam
अपरे,apare
यज्ञम्,yajñam
योगिनः,yoginaḥ
पर्युपासते,paryupāsate
यज्ञेन,yajñena
उपजुह्वति,upajuhvati
श्रोत्रादीनि,śrotrādīni
संयमाग्निषु,saṃyamāgniṣu
जुह्वति,juhvati
शब्दादीन्,śabdādīn
इन्द्रियाग्निषु,indriyāgniṣu
इन्द्रियकर्माणि,indriyakarmāṇi
प्राणकर्माणि,prāṇakarmāṇi
आत्मसंयमयोगाग्नौ,ātmasaṃyamayogāgnau
ज्ञानदीपिते,jñānadīpite
द्रव्ययज्ञाः,dravyayajñāḥ
तपोयज्ञाः,tapoyajñāḥ
योगयज्ञाः,yogayajñāḥ
स्वाध्यायज्ञानयज्ञाः,svādhyāyajñānayajñāḥ
यतयः,yatayaḥ
संशितव्रताः,saṃśitavratāḥ
अपाने,apāne
प्राणम्,prāṇam
प्राणे,prāṇe
अपानम्,apānam
प्राणापानगती,prāṇāpānagatī
रुद्ध्वा,ruddhvā
प्राणायाम,prāṇāyāma
परायणाः,parāyaṇāḥ
नियताहाराः,niyatāhārāḥ
प्राणेषु,prāṇeṣu
यज्ञविदः,yajñavidaḥ
यज्ञक्षपित,yajñakṣapita
कल्मषाः,kalmaṣāḥ
यज्ञशिष्टा,yajñaśiṣṭā
मृतभुजः,mṛtabhujaḥ
सनातनम्,sanātanam
अयज्ञस्य,ayajñasya
कुरुसत्तम,kurusattama
बहुविधाः,bahuvidhāḥ
यज्ञाः,yajñāḥ
वितताः,vitatāḥ
ब्रह्मणः,brahmaṇaḥ
मुखे,mukhe
कर्मजान्,karmajān
विमोक्ष्यसे,vimokṣyase
द्रव्यमयात्,dravyamayāt
ज्ञानयज्ञः,jñānayajñaḥ
अखिलम्,akhilam
ज्ञाने,jñāne
परिसमाप्यते,parisamāpyate
प्रणिपातेन,praṇipātena
परिप्रश्नेन,paripraśnena
सेवया,sevayā
उपदेक्ष्यन्ति,upadekṣyanti
तत्त्वदर्शिनः,tattvadarśinaḥ
मोहम्,moham
पाण्डव,pāṇḍava
अशेषेण,aśeṣeṇa
द्रक्ष्यसि,drakṣyasi
अथो,atho
पापेभ्यः,pāpebhyaḥ
सर्वेभ्यः,sarvebhyaḥ
पापकृत्तमः,pāpakṛttamaḥ
ज्ञानप्लवेन,jñānaplavena
वृजिनम्,vṛjinam
सन्तरिष्यसि,santariṣyasi
एधांसि,edhāṃsi
समिद्धः,samiddhaḥ
अग्निः,agniḥ
भस्मसात्,bhasmasāt
ज्ञानाग्निः,jñānāgniḥ
ज्ञानेन,jñānena
पवित्रम्,pavitram
स्वयम्,svayam
योगसंसिद्धः,yogasaṃsiddhaḥ
विन्दति,vindati
श्रद्धावान्,śraddhāvān
लभते,labhate
तत्परः,tatparaḥ
संयतेन्द्रियः,saṃyatendriyaḥ
लब्ध्वा,labdhvā
पराम्,parām
अचिरेण,acireṇa
अज्ञः,ajñaḥ
अश्रद्दधानः,aśraddadhānaḥ
संशयात्मा,saṃśayātmā
विनश्यति,vinaśyati
परः,paraḥ
संशयात्मनः,saṃśayātmanaḥ
योगसन्न्यस्त,yogasannyasta
कर्माणम्,karmāṇam
ज्ञानसञ्छिन्न,jñānasañchinna
संशयम्,saṃśayam
आत्मवन्तम्,ātmavantam
निबध्नन्ति,nibadhnanti
अज्ञानसंभूतम्,ajñānasaṃbhūtam
हृत्स्थम्,hṛtstham
ज्ञानासिना,jñānāsinā
आत्मनः,ātmanaḥ
छित्त्वा,chittvā
आत्तिष्ठ,āttiṣṭha
संन्यासम्,saṃnyāsam
शंससि,śaṃsasi
एतयोः,etayoḥ
सुनिश्चितम्,suniścitam
संन्यासः,saṃnyāsaḥ
कर्मयोगः,karmayogaḥ
निःश्रेयसकरौ,niḥśreyasakarau
कर्मसंन्यासात्,karmasaṃnyāsāt
ज्ञेयः,jñeyaḥ
नित्यसंन्यासी,nityasaṃnyāsī
काङ्क्षति,kāṅkṣati
बन्धात्,bandhāt
प्रमुच्यते,pramucyate
सांख्ययोगौ,sāṃkhyayogau
पृथक्,pṛthak
बालाः,bālāḥ
आस्थितः,āsthitaḥ
सम्यक्,samyak
विन्दते,vindate
सांख्यैः,sāṃkhyaiḥ
प्राप्यते,prāpyate
स्थानम्,sthānam
योगैः,yogaiḥ
गम्यते,gamyate
सांख्यम्,sāṃkhyam
दुःखम्,duḥkham
आप्तुम्,āptum
अयोगतः,ayogataḥ
योगयुक्तः,yogayuktaḥ
नचिरेण,nacireṇa
विशुद्धात्मा,viśuddhātmā
विजितात्मा,vijitātmā
जितेन्द्रियः,jitendriyaḥ
सर्वभूतात्मभूतात्मा,sarvabhūtātmabhūtātmā
लिप्यते,lipyate
करोमि,karomi
मन्येत,manyeta
पश्यन्,paśyan
श्रृण्वन्,śrṛṇvan
स्पृशन्,spṛśan
जिघ्रन्,jighran
अश्नन्,aśnan
गच्छन्,gacchan
स्वपन्,svapan
श्वसन्,śvasan
प्रलपन्,pralapan
विसृजन्,visṛjan
गृह्णन्,gṛhṇan
उन्मिषन्,unmiṣan
निमिषन्,nimiṣan
इन्द्रियार्थेषु,indriyārtheṣu
धारयन्,dhārayan
ब्रह्मणि,brahmaṇi
आधाय,ādhāya
पापेन,pāpena
पद्मपत्रम्,padmapatram
अम्भसा,ambhasā
कायेन,kāyena
केवलैः,kevalaiḥ
आत्मशुद्धये,ātmaśuddhaye
कर्मफलम्,karmaphalam
नैष्ठिकीम्,naiṣṭhikīm
अयुक्तः,ayuktaḥ
कामकारेण,kāmakāreṇa
फले,phale
सक्तः,saktaḥ
वशी,vaśī
नवद्वारे,navadvāre
पुरे,pure
कारयन्,kārayan
कर्तृत्वम्,kartṛtvam
लोकस्य,lokasya
सृजति,sṛjati
प्रभुः,prabhuḥ
कर्मफलसंयोगम्,karmaphalasaṃyogam
स्वभावः,svabhāvaḥ
प्रवर्तते,pravartate
आदत्ते,ādatte
कस्यचित्,kasyacit
सुकृतम्,sukṛtam
विभुः,vibhuḥ
अज्ञानेन,ajñānena
मुह्यन्ति,muhyanti
जन्तवः,jantavaḥ
अज्ञानम्,ajñānam
नाशितम्,nāśitam
तेषाम्,teṣām
आदित्यवत्,ādityavat
प्रकाशयति,prakāśayati
तद्बुद्धयः,tadbuddhayaḥ
तदात्मानः,tadātmānaḥ
तन्निष्ठाः,tanniṣṭhāḥ
तत्परायणाः,tatparāyaṇāḥ
अपुनरावृत्तिम्,apunarāvṛttim
ज्ञाननिर्धूतकल्मषाः,jñānanirdhūtakalmaṣāḥ
विद्याविनयसंपन्ने,vidyāvinayasaṃpanne
ब्राह्मणे,brāhmaṇe
गवि,gavi
हस्तिनि,hastini
शुनि,śuni
श्वपाके,śvapāke
समदर्शिनः,samadarśinaḥ
जितः,jitaḥ
सर्गः,sargaḥ
साम्ये,sāmye
स्थितम्,sthitam
निर्दोषम्,nirdoṣam
समम्,samam
स्थिताः,sthitāḥ
प्रहृष्येत्,prahṛṣyet
प्रियम्,priyam
उद्विजेत्,udvijet
अप्रियम्,apriyam
स्थिरबुद्धिः,sthirabuddhiḥ
असम्मूढः,asammūḍhaḥ
ब्रह्मवित्,brahmavit
स्थितः,sthitaḥ
बाह्यस्पर्शेषु,bāhyasparśeṣu
असक्तात्मा,asaktātmā
ब्रह्मयोगयुक्तात्मा,brahmayogayuktātmā
अक्षयम्,akṣayam
संस्पर्शजाः,saṃsparśajāḥ
दुःखयोनयः,duḥkhayonayaḥ
आद्यन्तवन्तः,ādyantavantaḥ
रमते,ramate
बुधः,budhaḥ
शक्नोति,śaknoti
सोढुम्,soḍhum
प्राक्,prāk
शरीरविमोक्षणात्,śarīravimokṣaṇāt
कामक्रोधोद्भवम्,kāmakrodhodbhavam
वेगम्,vegam
सुखी,sukhī
अन्तःसुखः,antaḥsukhaḥ
अन्तरारामः,antarārāmaḥ
अन्तर्ज्योतिः,antarjyotiḥ
योगी,yogī
ब्रह्मभूतः,brahmabhūtaḥ
ऋषयः,ṛṣayaḥ
क्षीणकल्मषाः,kṣīṇakalmaṣāḥ
छिन्नद्वैधाः,chinnadvaidhāḥ
यतात्मानः,yatātmānaḥ
सर्वभूतहिते,sarvabhūtahite
रताः,ratāḥ
कामक्रोधवियुक्तानाम्,kāmakrodhaviyuktānām
यतीनाम्,yatīnām
यतचेतसाम्,yatacetasām
अभितः,abhitaḥ
वर्तते,vartate
विदितात्मनाम्,viditātmanām
स्पर्शान्,sparśān
बहिः,bahiḥ
बाह्यान्,bāhyān
चक्षुः,cakṣuḥ
अन्तरे,antare
भ्रुवोः,bhruvoḥ
प्राणापानौ,prāṇāpānau
समौ,samau
नासाभ्यन्तरचारिणौ,nāsābhyantaracāriṇau
यतेन्द्रियमनोबुद्धिः,yatendriyamanobuddhiḥ
मोक्षपरायणः,mokṣaparāyaṇaḥ
विगतेच्छाभयक्रोधः,vigatecchābhayakrodhaḥ
सदा,sadā
मुक्तः,muktaḥ
भोक्तारम्,bhoktāram
यज्ञतपसाम्,yajñatapasām
सर्वलोकमहेश्वरम्,sarvalokamaheśvaram
सुहृदम्,suhṛdam
अनाश्रितः,anāśritaḥ
संन्यासी,saṃnyāsī
निरग्निः,niragniḥ
अक्रियः,akriyaḥ
प्राहुः,prāhuḥ
असंन्यस्तसङ्कल्पः,asaṃnyastasaṅkalpaḥ
कश्चन,kaścana
आरुरुक्षोः,ārurukṣoḥ
कारणम्,kāraṇam
योगारूढस्य,yogārūḍhasya
शमः,śamaḥ
अनुषज्जते,anuṣajjate
सर्वसङ्कल्पसंन्यासी,sarvasaṅkalpasaṃnyāsī
योगारूढः,yogārūḍhaḥ
उद्धरेत्,uddharet
अवसादयेत्,avasādayet
आत्मा,ātmā
बन्धुः,bandhuḥ
रिपुः,ripuḥ
अनात्मनः,anātmanaḥ
शत्रुत्वे,śatrutve
वर्तेत,varteta
शत्रुवत्,śatruvat
जितात्मनः,jitātmanaḥ
प्रशान्तस्य,praśāntasya
परमात्मा,paramātmā
समाहितः,samāhitaḥ
शीतोष्णसुखदुःखेषु,śītoṣṇasukhaduḥkheṣu
मानापमानयोः,mānāpamānayoḥ
ज्ञानविज्ञानतृप्तात्मा,jñānavijñānatṛptātmā
कूटस्थः,kūṭasthaḥ
विजितेन्द्रियः,vijitendriyaḥ
समलोष्टाश्मकाञ्चनः,samaloṣṭāśmakāñcanaḥ
सुह्यन्मित्रार्युदासीन,suhyanmitrāryudāsīna
मध्यस्थद्वेष्यबन्धुषु,madhyasthadveṣyabandhuṣu
साधुषु,sādhuṣu
पापेषु,pāpeṣu
समबुद्धिः,samabuddhiḥ
युञ्जीत,yuñjīta
रहसि,rahasi
एकाकी,ekākī
अपरिग्रहः,aparigrahaḥ
शुचौ,śucau
देशे,deśe
प्रतिष्ठाप्य,pratiṣṭhāpya
स्थिरम्,sthiram
आसनम्,āsanam
अत्युच्छ्रितम्,atyucchritam
अतिनीचम्,atinīcam
चैलाजिनकुशोत्तरम्,cailājinakuśottaram
एकाग्रम्,ekāgram
यतचित्तेन्द्रियक्रियः,yatacittendriyakriyaḥ
उपविश्य,upaviśya
आसने,āsane
युञ्ज्यात्,yuñjyāt
आत्मविशुद्धये,ātmaviśuddhaye
कायशिरोग्रीवम्,kāyaśirogrīvam
अचलम्,acalam
स्थिरः,sthiraḥ
संप्रेक्ष्य,saṃprekṣya
नासिकाग्रम्,nāsikāgram
स्वम्,svam
दिशः,diśaḥ
अनवलोकयन्,anavalokayan
प्रशान्तात्मा,praśāntātmā
विगतभीः,vigatabhīḥ
ब्रह्मचारिव्रते,brahmacārivrate
मच्चित्तः,maccittaḥ
युञ्जन्,yuñjan
नियतमानसः,niyatamānasaḥ
निर्वाणपरमाम्,nirvāṇaparamām
मत्संस्थाम्,matsaṃsthām
अति,ati
अश्नतः,aśnataḥ
एकान्तम्,ekāntam
अनश्नतः,anaśnataḥ
स्वप्नशीलस्य,svapnaśīlasya
जाग्रतः,jāgrataḥ
युक्ताहारविहारस्य,yuktāhāravihārasya
युक्तचेष्टस्य,yuktaceṣṭasya
युक्तस्वप्नावबोधस्य,yuktasvapnāvabodhasya
दुःखहा,duḥkhahā
विनियतम्,viniyatam
चित्तम्,cittam
अवतिष्ठते,avatiṣṭhate
सर्वकामेभ्यः,sarvakāmebhyaḥ
दीपः,dīpaḥ
निवातस्थः,nivātasthaḥ
इङ्गते,iṅgate
उपमा,upamā
स्मृता,smṛtā
यतचित्तस्य,yatacittasya
युञ्जतः,yuñjataḥ
यत्र,yatra
उपरमते,uparamate
निरुद्धम्,niruddham
योगसेवया,yogasevayā
तुष्यति,tuṣyati
आत्यन्तिकम्,ātyantikam
बुद्धिग्राह्यम्,buddhigrāhyam
अतीन्द्रियम्,atīndriyam
चलति,calati
लाभम्,lābham
अधिकम्,adhikam
यस्मिन्,yasmin
दुःखेन,duḥkhena
गुरुणा,guruṇā
विचाल्यते,vicālyate
विद्यात्,vidyāt
दुःखसंयोग,duḥkhasaṃyoga
वियोगम्,viyogam
योगसंज्ञितम्,yogasaṃjñitam
निश्चयेन,niścayena
योक्तव्यः,yoktavyaḥ
अनिर्विण्णचेतसा,anirviṇṇacetasā
सङ्कल्पप्रभवान्,saṅkalpaprabhavān
अशेषतः,aśeṣataḥ
इन्द्रियग्रामम्,indriyagrāmam
विनियम्य,viniyamya
समन्ततः,samantataḥ
शनैः शनैः,śanaiḥ śanaiḥ
उपरमेत्,uparamet
धृतिगृहीतया,dhṛtigṛhītayā
आत्मसंस्थम्,ātmasaṃstham
चिन्तयेत्,cintayet
यतः यतः,yataḥ yataḥ
निश्चरति,niścarati
चञ्चलम्,cañcalam
अस्थिरम्,asthiram
ततः ततः,tataḥ tataḥ
नयेत्,nayet
प्रशान्तमनसम्,praśāntamanasam
योगिनम्,yoginam
उपैति,upaiti
शान्तरजसम्,śāntarajasam
ब्रह्मभूतम्,brahmabhūtam
अकल्मषम्,akalmaṣam
विगतकल्मषः,vigatakalmaṣaḥ
सुखेन,sukhena
ब्रह्मसंस्पर्शम्,brahmasaṃsparśam
अत्यन्तम्,atyantam
सर्वभूतस्थम्,sarvabhūtastham
सर्वभूतानि,sarvabhūtāni
ईक्षते,īkṣate
योगयुक्तात्मा,yogayuktātmā
समदर्शनः,samadarśanaḥ
प्रणश्यामि,praṇaśyāmi
सर्वभूतस्थितम्,sarvabhūtasthitam
भजति,bhajati
एकत्वम्,ekatvam
सर्वथा,sarvathā
वर्तमानः,vartamānaḥ
आत्मौपम्येन,ātmaupamyena
परमः,paramaḥ
मतः,mataḥ
त्वया,tvayā
साम्येन,sāmyena
एतस्य,etasya
चञ्चलत्वात्,cañcalatvāt
स्थितिम्,sthitim
स्थिराम्,sthirām
प्रमाथि,pramāthi
बलवत्,balavat
दृढम्,dṛḍham
निग्रहम्,nigraham
मन्ये,manye
वायोः,vāyoḥ
सुदुष्करम्,suduṣkaram
असंशयम्,asaṃśayam
दुर्निग्रहम्,durnigraham
चलम्,calam
अभ्यासेन,abhyāsena
वैराग्येण,vairāgyeṇa
गृह्यते,gṛhyate
असंयतात्मना,asaṃyatātmanā
दुष्प्रापः,duṣprāpaḥ
मतिः,matiḥ
वश्यात्मना,vaśyātmanā
यतता,yatatā
शक्यः,śakyaḥ
अवाप्तुम्,avāptum
उपायतः,upāyataḥ
अयतिः,ayatiḥ
श्रद्धया,śraddhayā
उपेतः,upetaḥ
योगात्,yogāt
चलितमानसः,calitamānasaḥ
अप्राप्य,aprāpya
योगसंसिद्धिम्,yogasaṃsiddhim
काम्,kām
गतिम्,gatim
गच्छति,gacchati
कच्चित्,kaccit
उभयविभ्रष्टः,ubhayavibhraṣṭaḥ
छिन्नाभ्रम्,chinnābhram
नश्यति,naśyati
अप्रतिष्ठः,apratiṣṭhaḥ
विमूढः,vimūḍhaḥ
पथि,pathi
छेत्तुम्,chettum
त्वत्,tvat
संशयस्य,saṃśayasya
छेत्ता,chettā
अमुत्र,amutra
विनाशः,vināśaḥ
कल्याणकृत्,kalyāṇakṛt
दुर्गतिम्,durgatim
तात,tāta
पुण्यकृताम्,puṇyakṛtām
लोकान्,lokān
उषित्वा,uṣitvā
शाश्वतीः,śāśvatīḥ
समाः,samāḥ
शुचीनाम्,śucīnām
श्रीमताम्,śrīmatām
गेहे,gehe
योगभ्रष्टः,yogabhraṣṭaḥ
अथवा,athavā
कुले,kule
धीमताम्,dhīmatām
दुर्लभतरम्,durlabhataram
बुद्धिसंयोगम्,buddhisaṃyogam
पौर्वदेहिकम्,paurvadehikam
यतते,yatate
संसिद्धौ,saṃsiddhau
पूर्वाभ्यासेन,pūrvābhyāsena
ह्रियते,hriyate
जिज्ञासुः,jijñāsuḥ
योगस्य,yogasya
शब्दब्रह्म,śabdabrahma
अतिवर्तते,ativartate
प्रयत्नात्,prayatnāt
यतमानः,yatamānaḥ
संशुद्धकिल्बिषः,saṃśuddhakilbiṣaḥ
अनेकजन्मसंसिद्धः,anekajanmasaṃsiddhaḥ
याति,yāti
तपस्विभ्यः,tapasvibhyaḥ
अधिकः,adhikaḥ
ज्ञानिभ्यः,jñānibhyaḥ
कर्मिभ्यः,karmibhyaḥ
मद्गतेन,madgatena
अन्तरात्मना,antarātmanā
भजते,bhajate
युक्ततमः,yuktatamaḥ
आसक्तमनाः,āsaktamanāḥ
मदाश्रयः,madāśrayaḥ
ज्ञास्यसि,jñāsyasi
सविज्ञानम्,savijñānam
वक्ष्यामि,vakṣyāmi
ज्ञातव्यम्,jñātavyam
अवशिष्यते,avaśiṣyate
सहस्रेषु,sahasreṣu
यतति,yatati
सिद्धये,siddhaye
यतताम्,yatatām
सिद्धानाम्,siddhānām
भूमिः,bhūmiḥ
अनलः,analaḥ
खम्,kham
अहङ्कारः,ahaṅkāraḥ
इयम्,iyam
भिन्ना,bhinnā
प्रकृतिः,prakṛtiḥ
अष्टधा,aṣṭadhā
अपरा,aparā
इतः,itaḥ
अन्याम्,anyām
जीवभूताम्,jīvabhūtām
धार्यते,dhāryate
जगत्,jagat
एतद्योनीनि,etadyonīni
उपधारय,upadhāraya
कृत्स्नस्य,kṛtsnasya
जगतः,jagataḥ
प्रभवः,prabhavaḥ
प्रलयः,pralayaḥ
मत्तः,mattaḥ
परतरम्,parataram
प्रोतम्,protam
सूत्रे,sūtre
मणिगणाः,maṇigaṇāḥ
अप्सु,apsu
प्रभा,prabhā
अस्मि,asmi
शशिसूर्ययोः,śaśisūryayoḥ
प्रणवः,praṇavaḥ
सर्ववेदेषु,sarvavedeṣu
खे,khe
पौरुषम्,pauruṣam
नृषु,nṛṣu
पुण्यः,puṇyaḥ
गन्धः,gandhaḥ
पृथिव्याम्,pṛthivyām
तेजः,tejaḥ
विभावसौ,vibhāvasau
जीवनम्,jīvanam
तपः,tapaḥ
तपस्विषु,tapasviṣu
बीजम्,bījam
बुद्धिमताम्,buddhimatām
तेजस्विनाम्,tejasvinām
बलवताम्,balavatām
कामरागविवर्जितम्,kāmarāgavivarjitam
धर्माविरुद्धः,dharmāviruddhaḥ
भूतेषु,bhūteṣu
सात्त्विकाः,sāttvikāḥ
भावाः,bhāvāḥ
राजसाः,rājasāḥ
तामसाः,tāmasāḥ
त्रिभिः,tribhiḥ
गुणमयैः,guṇamayaiḥ
भावैः,bhāvaiḥ
एभिः,ebhiḥ
मोहितम्,mohitam
दैवी,daivī
गुणमयी,guṇamayī
माया,māyā
दुरत्यया,duratyayā
मायाम्,māyām
तरन्ति,taranti
दुष्कृतिनः,duṣkṛtinaḥ
मूढाः,mūḍhāḥ
नराधमाः,narādhamāḥ
मायया,māyayā
अपहृतज्ञानाः,apahṛtajñānāḥ
आसुरम्,āsuram
भावम्,bhāvam
आश्रिताः,āśritāḥ
चतुर्विधाः,caturvidhāḥ
भजन्ते,bhajante
जनाः,janāḥ
सुकृतिनः,sukṛtinaḥ
आर्तः,ārtaḥ
अर्थार्थी,arthārthī
ज्ञानी,jñānī
नित्ययुक्तः,nityayuktaḥ
एकभक्तिः,ekabhaktiḥ
प्रियः,priyaḥ
अत्यर्थम्,atyartham
उदाराः,udārāḥ
युक्तात्मा,yuktātmā
अनुत्तमाम्,anuttamām
बहूनाम्,bahūnām
जन्मनाम्,janmanām
अन्ते,ante
प्रपद्यते,prapadyate
वासुदेवः,vāsudevaḥ
महात्मा,mahātmā
सुदुर्लभः,sudurlabhaḥ
कामैः,kāmaiḥ
तैः तैः,taiḥ taiḥ
हृतज्ञानाः,hṛtajñānāḥ
अन्यदेवताः,anyadevatāḥ
तम् तम्,tam tam
नियमम्,niyamam
आस्थाय,āsthāya
प्रकृत्या,prakṛtyā
नियताः,niyatāḥ
स्वया,svayā
यः यः,yaḥ yaḥ
याम् याम्,yām yām
तनुम्,tanum
अर्चितुम्,arcitum
इच्छति,icchati
तस्य तस्य,tasya tasya
अचलाम्,acalām
श्रद्धाम्,śraddhām
ताम्,tām
विदधामि,vidadhāmi
आराधनम्,ārādhanam
ईहते,īhate
विहितान्,vihitān
अन्तवत्,antavat
अल्पमेधसाम्,alpamedhasām
देवयजः,devayajaḥ
मद्भक्ताः,madbhaktāḥ
अव्यक्तम्,avyaktam
व्यक्तिम्,vyaktim
आपन्नम्,āpannam
मन्यन्ते,manyante
अबुद्धयः,abuddhayaḥ
अजानन्तः,ajānantaḥ
अनुत्तमम्,anuttamam
प्रकाशः,prakāśaḥ
योगमायासमावृतः,yogamāyāsamāvṛtaḥ
मूढः,mūḍhaḥ
समतीतानि,samatītāni
वर्तमानानि,vartamānāni
भविष्याणि,bhaviṣyāṇi
इच्छाद्वेषसमुत्थेन,icchādveṣasamutthena
द्वन्द्वमोहेन,dvandvamohena
संमोहम्,saṃmoham
सर्गे,sarge
अन्तगतम्,antagatam
जनानाम्,janānām
पुण्यकर्मणाम्,puṇyakarmaṇām
द्वन्द्वमोहनिर्मुक्ताः,dvandvamohanirmuktāḥ
दृढव्रताः,dṛḍhavratāḥ
जरामरणमोक्षाय,jarāmaraṇamokṣāya
आश्रित्य,āśritya
यतन्ति,yatanti
अध्यात्मम्,adhyātmam
साधिभूताधिदैवम्,sādhibhūtādhidaivam
साधियज्ञम्,sādhiyajñam
प्रयाणकाले,prayāṇakāle
युक्तचेतसः,yuktacetasaḥ
पुरुषोत्तम,puruṣottama
अधिभूतम्,adhibhūtam
प्रोक्तम्,proktam
अधिदैवम्,adhidaivam
अधियज्ञः,adhiyajñaḥ
कः,kaḥ
नियतात्मभिः,niyatātmabhiḥ
अक्षरम्,akṣaram
परमम्,paramam
भूतभावोद्भवकरः,bhūtabhāvodbhavakaraḥ
विसर्गः,visargaḥ
कर्मसंज्ञितः,karmasaṃjñitaḥ
क्षरः,kṣaraḥ
अधिदैवतम्,adhidaivatam
देहभृताम्,dehabhṛtām
वर,vara
मां,māṃ
मुक्त्वा,muktvā
कलेवरं,kalevaraṃ
प्रयाति,prayāti
मद्भावं,madbhāvaṃ
संशयः,saṃśayaḥ
यम् यम्,yam yam
त्यजति,tyajati
कलेवरम्,kalevaram
तद्भावभावितः,tadbhāvabhāvitaḥ
कालेषु,kāleṣu
अनुस्मर,anusmara
युध्य,yudhya
अर्पितमनोबुद्धिः,arpitamanobuddhiḥ
एष्यसि,eṣyasi
अभ्यासयोगयुक्तेन,abhyāsayogayuktena
चेतसा,cetasā
अन्यगामिना,anyagāminā
अनुचिन्तयन्,anucintayan
कविम्,kavim
पुराणम्,purāṇam
अनुशासितारम्,anuśāsitāram
अणोः,aṇoḥ
अणीयांसम्,aṇīyāṃsam
अनुस्मरेत्,anusmaret
धातारम्,dhātāram
अचिन्त्यरूपम्,acintyarūpam
आदित्यवर्णम्,ādityavarṇam
तमसः,tamasaḥ
परस्तात्,parastāt
अचलेन,acalena
भक्त्या,bhaktyā
योगबलेन,yogabalena
आवेश्य,āveśya
वेदविदः,vedavidaḥ
वदन्ति,vadanti
विशन्ति,viśanti
वीतरागाः,vītarāgāḥ
इच्छन्तः,icchantaḥ
ब्रह्मचर्यम्,brahmacaryam
चरन्ति,caranti
संग्रहेण,saṃgraheṇa
प्रवक्ष्ये,pravakṣye
सर्वद्वाराणि,sarvadvārāṇi
हृदि,hṛdi
निरुध्य,nirudhya
मूर्ध्नि,mūrdhni
योगधारणाम्,yogadhāraṇām
ॐ,oṃ
एकाक्षरम्,ekākṣaram
व्याहरन्,vyāharan
अनुस्मरन्,anusmaran
त्यजन्,tyajan
परमाम्,paramām
अनन्यचेताः,ananyacetāḥ
स्मरति,smarati
नित्यशः,nityaśaḥ
सुलभः,sulabhaḥ
नित्ययुक्तस्य,nityayuktasya
उपेत्य,upetya
पुनर्जन्म,punarjanma
दुःखालयम्,duḥkhālayam
अशाश्वतम्,aśāśvatam
आप्नुवन्ति,āpnuvanti
महात्मानः,mahātmānaḥ
गताः,gatāḥ
आब्रह्मभुवनात्,ābrahmabhuvanāt
पुनरावर्तिनः,punarāvartinaḥ
सहस्रयुगपर्यन्तम्,sahasrayugaparyantam
अहः,ahaḥ
रात्रिम्,rātrim
युगसहस्रान्ताम्,yugasahasrāntām
अहोरात्रविदः,ahorātravidaḥ
अव्यक्तात्,avyaktāt
व्यक्तयः,vyaktayaḥ
सर्वाः,sarvāḥ
प्रभवन्ति,prabhavanti
अहरागमे,aharāgame
रात्र्यागमे,rātryāgame
प्रलीयन्ते,pralīyante
अव्यक्तसंज्ञके,avyaktasaṃjñake
भूतग्रामः,bhūtagrāmaḥ
भूत्वा भूत्वा,bhūtvā bhūtvā
प्रलीयते,pralīyate
प्रभवति,prabhavati
नश्यत्सु,naśyatsu
अक्षरः,akṣaraḥ
निवर्तन्ते,nivartante
धाम,dhāma
लभ्यः,labhyaḥ
अनन्यया,ananyayā
अन्तःस्थानि,antaḥsthāni
काले,kāle
अनावृत्तिम्,anāvṛttim
आवृत्तिम्,āvṛttim
प्रयाताः,prayātāḥ
कालम्,kālam
ज्योतिः,jyotiḥ
शुक्लः,śuklaḥ
षण्मासाः,ṣaṇmāsāḥ
उत्तरायणम्,uttarāyaṇam
ब्रह्मविदः,brahmavidaḥ
धूमः,dhūmaḥ
रात्रिः,rātriḥ
कृष्णः,kṛṣṇaḥ
दक्षिणायनम्,dakṣiṇāyanam
चान्द्रमसम्,cāndramasam
शुक्लकृष्णे,śuklakṛṣṇe
गती,gatī
शाश्वते,śāśvate
मते,mate
एकया,ekayā
अन्यया,anyayā
आवर्तते,āvartate
सृती,sṛtī
जानन्,jānan
यज्ञेषु,yajñeṣu
तपःसु,tapaḥsu
दानेषु,dāneṣu
पुण्यफलम्,puṇyaphalam
प्रदिष्टम्,pradiṣṭam
अत्येति,atyeti
आद्यम्,ādyam
गुह्यतमम्,guhyatamam
अनसूयवे,anasūyave
विज्ञानसहितम्,vijñānasahitam
राजविद्या,rājavidyā
राजगुह्यम्,rājaguhyam
प्रत्यक्षावगमम्,pratyakṣāvagamam
सुसुखम्,susukham
अश्रद्दधानाः,aśraddadhānāḥ
पुरुषाः,puruṣāḥ
मृत्युसंसारवर्त्मनि,mṛtyusaṃsāravartmani
अव्यक्तमूर्तिना,avyaktamūrtinā
मत्स्थानि,matsthāni
अवस्थितः,avasthitaḥ
ऐश्वरम्,aiśvaram
भूतभृत्,bhūtabhṛt
भूतस्थः,bhūtasthaḥ
भूतभावनः,bhūtabhāvanaḥ
आकाशस्थितः,ākāśasthitaḥ
सर्वत्रगः,sarvatragaḥ
महान्,mahān
मामिकाम्,māmikām
कल्पक्षये,kalpakṣaye
कल्पादौ,kalpādau
विसृजामि,visṛjāmi
अवष्टभ्य,avaṣṭabhya
पुनः पुनः,punaḥ punaḥ
भूतग्रामम्,bhūtagrāmam
अवशम्,avaśam
वशात्,vaśāt
उदासीनवत्,udāsīnavat
आसीनम्,āsīnam
असक्तम्,asaktam
अध्यक्षेण,adhyakṣeṇa
सूयते,sūyate
सचराचरम्,sacarācaram
हेतुना,hetunā
विपरिवर्तते,viparivartate
अवजानन्ति,avajānanti
मानुषीम्,mānuṣīm
आश्रितम्,āśritam
भूतमहेश्वरम्,bhūtamaheśvaram
मोघाशाः,moghāśāḥ
मोघकर्माणः,moghakarmāṇaḥ
मोघज्ञानाः,moghajñānāḥ
विचेतसः,vicetasaḥ
राक्षसीम्,rākṣasīm
आसुरीम्,āsurīm
मोहिनीम्,mohinīm
श्रिताः,śritāḥ
दैवीम्,daivīm
भजन्ति,bhajanti
अनन्यमनसः,ananyamanasaḥ
भूतादिम्,bhūtādim
कीर्तयन्तः,kīrtayantaḥ
यतन्तः,yatantaḥ
नमस्यन्तः,namasyantaḥ
नित्ययुक्ताः,nityayuktāḥ
उपासते,upāsate
ज्ञानयज्ञेन,jñānayajñena
यजन्तः,yajantaḥ
एकत्वेन,ekatvena
पृथक्त्वेन,pṛthaktvena
बहुधा,bahudhā
विश्वतोमुखम्,viśvatomukham
क्रतुः,kratuḥ
स्वधा,svadhā
औषधम्,auṣadham
मन्त्रः,mantraḥ
आज्यम्,ājyam
पिता,pitā
माता,mātā
धाता,dhātā
वेद्यम्,vedyam
ओंकारः,oṃkāraḥ
ऋक्,ṛk
साम,sāma
यजुः,yajuḥ
भर्ता,bhartā
साक्षी,sākṣī
निवासः,nivāsaḥ
सुहृत्,suhṛt
निधानम्,nidhānam
तपामि,tapāmi
वर्षम्,varṣam
निगृह्णामि,nigṛhṇāmi
उत्सृजामि,utsṛjāmi
अमृतम्,amṛtam
सत्,sat
असत्,asat
त्रैविद्याः,traividyāḥ
सोमपाः,somapāḥ
पूतपापाः,pūtapāpāḥ
यज्ञैः,yajñaiḥ
इष्ट्वा,iṣṭvā
स्वर्गतिम्,svargatim
प्रार्थयन्ते,prārthayante
पुण्यम्,puṇyam
आसाद्य,āsādya
सुरेन्द्रलोकम्,surendralokam
अश्नन्ति,aśnanti
दिव्यान्,divyān
दिवि,divi
देवभोगान्,devabhogān
भुक्त्वा,bhuktvā
स्वर्गलोकम्,svargalokam
विशालम्,viśālam
क्षीणे,kṣīṇe
पुण्ये,puṇye
मर्त्यलोकम्,martyalokam
त्रयीधर्मम्,trayīdharmam
अनुप्रपन्नाः,anuprapannāḥ
गतागतम्,gatāgatam
कामकामाः,kāmakāmāḥ
अनन्याः,ananyāḥ
चिन्तयन्तः,cintayantaḥ
नित्याभियुक्तानाम्,nityābhiyuktānām
योगक्षेमम्,yogakṣemam
वहामि,vahāmi
भक्ताः,bhaktāḥ
अन्विताः,anvitāḥ
यजन्ति,yajanti
अविधिपूर्वकम्,avidhipūrvakam
सर्वयज्ञानाम्,sarvayajñānām
भोक्ता,bhoktā
अभिजानन्ति,abhijānanti
तत्त्वेन,tattvena
च्यवन्ति,cyavanti
देवव्रताः,devavratāḥ
पितृव्रताः,pitṛvratāḥ
भूतेज्याः,bhūtejyāḥ
मद्याजिनः,madyājinaḥ
पत्रम्,patram
पुष्पम्,puṣpam
तोयम्,toyam
प्रयच्छति,prayacchati
भक्त्युपहृतम्,bhaktyupahṛtam
अश्नामि,aśnāmi
प्रयतात्मनः,prayatātmanaḥ
करोषि,karoṣi
अश्नासि,aśnāsi
जुहोषि,juhoṣi
ददासि,dadāsi
तपस्यसि,tapasyasi
कुरुष्व,kuruṣva
मदर्पणम्,madarpaṇam
शुभाशुभफलैः,śubhāśubhaphalaiḥ
कर्मबन्धनैः,karmabandhanaiḥ
संन्यासयोगयुक्तात्मा,saṃnyāsayogayuktātmā
विमुक्तः,vimuktaḥ
उपैष्यसि,upaiṣyasi
द्वेष्यः,dveṣyaḥ
सुदुराचारः,sudurācāraḥ
अनन्यभाक्,ananyabhāk
साधुः,sādhuḥ
मन्तव्यः,mantavyaḥ
व्यवसितः,vyavasitaḥ
धर्मात्मा,dharmātmā
शश्वत्,śaśvat
निगच्छति,nigacchati
प्रतिजानीहि,pratijānīhi
व्यपाश्रित्य,vyapāśritya
स्युः,syuḥ
पापयोनयः,pāpayonayaḥ
स्त्रियः,striyaḥ
वैश्याः,vaiśyāḥ
शूद्राः,śūdrāḥ
ब्राह्मणाः,brāhmaṇāḥ
पुण्याः,puṇyāḥ
अनित्यम्,anityam
असुखम्,asukham
लोकम्,lokam
भजस्व,bhajasva
मन्मनाः,manmanāḥ
मद्भक्तः,madbhaktaḥ
मद्याजी,madyājī
नमस्कुरु,namaskuru
युक्त्वा,yuktvā
मत्परायणः,matparāyaṇaḥ
प्रीयमाणाय,prīyamāṇāya
हितकाम्यया,hitakāmyayā
सुरगणाः,suragaṇāḥ
प्रभवं,prabhavaṃ
महर्षयः,maharṣayaḥ
अहं,ahaṃ
आदिः,ādiḥ
देवानां,devānāṃ
महर्षीणां,maharṣīṇāṃ
अनादिम्,anādim
लोकमहेश्वरम्,lokamaheśvaram
मर्त्येषु,martyeṣu
सर्वपापैः,sarvapāpaiḥ
असंमोहः,asaṃmohaḥ
क्षमा,kṣamā
सत्यम्,satyam
दमः,damaḥ
भवः,bhavaḥ
भयम्,bhayam
अभयम्,abhayam
अहिंसा,ahiṃsā
समता,samatā
तुष्टिः,tuṣṭiḥ
दानम्,dānam
यशः,yaśaḥ
अयशः,ayaśaḥ
पृथग्विधाः,pṛthagvidhāḥ
सप्त,sapta
पूर्वे,pūrve
चत्वारः,catvāraḥ
मनवः,manavaḥ
मद्भावाः,madbhāvāḥ
मानसाः,mānasāḥ
जाताः,jātāḥ
विभूतिम्,vibhūtim
अविकम्पेन,avikampena
योगेन,yogena
युज्यते,yujyate
भावसमन्विताः,bhāvasamanvitāḥ
मच्चित्ताः,maccittāḥ
मद्गतप्राणाः,madgataprāṇāḥ
बोधयन्तः,bodhayantaḥ
कथयन्तः,kathayantaḥ
तुष्यन्ति,tuṣyanti
रमन्ति,ramanti
सततयुक्तानाम्,satatayuktānām
भजताम्,bhajatām
प्रीतिपूर्वकम्,prītipūrvakam
ददामि,dadāmi
बुद्धियोगम्,buddhiyogam
उपयान्ति,upayānti
अनुकम्पार्थम्,anukampārtham
अज्ञानजम्,ajñānajam
तमः,tamaḥ
नाशयामि,nāśayāmi
आत्मभावस्थः,ātmabhāvasthaḥ
ज्ञानदीपेन,jñānadīpena
भास्वता,bhāsvatā
शाश्वतम्,śāśvatam
आदिदेवम्,ādidevam
विभुम्,vibhum
देवर्षिः,devarṣiḥ
नारदः,nāradaḥ
असितः,asitaḥ
देवलः,devalaḥ
व्यासः,vyāsaḥ
ब्रवीषि,bravīṣi
ऋतम्,ṛtam
वदसि,vadasi
भगवन्,bhagavan
दानवाः,dānavāḥ
भूतभावन,bhūtabhāvana
भूतेश,bhūteśa
देवदेव,devadeva
जगत्पते,jagatpate
वक्तुम्,vaktum
दिव्याः,divyāḥ
आत्मविभूतयः,ātmavibhūtayaḥ
याभिः,yābhiḥ
विभूतिभिः,vibhūtibhiḥ
इमान्,imān
व्याप्य,vyāpya
तिष्ठसि,tiṣṭhasi
विद्याम्,vidyām
योगिन्,yogin
परिचिन्तयन्,paricintayan
केषु केषु,keṣu keṣu
भावेषु,bhāveṣu
चिन्त्यः,cintyaḥ
विस्तरेण,vistareṇa
कथय,kathaya
तृप्तिः,tṛptiḥ
श्रृण्वतः,śrṛṇvataḥ
हन्त,hanta
कथयिष्यामि,kathayiṣyāmi
प्राधान्यतः,prādhānyataḥ
कुरुश्रेष्ठ,kuruśreṣṭha
विस्तरस्य,vistarasya
गुडाकेश,guḍākeśa
सर्वभूताशयस्थितः,sarvabhūtāśayasthitaḥ
मध्यम्,madhyam
आदित्यानम्,ādityānam
विष्णुः,viṣṇuḥ
ज्योतिषाम्,jyotiṣām
रविः,raviḥ
अंशुमान्,aṃśumān
मरीचिः,marīciḥ
मरुताम्,marutām
नक्षत्राणाम्,nakṣatrāṇām
शशी,śaśī
वेदानाम्,vedānām
सामवेदः,sāmavedaḥ
देवानाम्,devānām
वासवः,vāsavaḥ
चेतना,cetanā
रुद्राणाम्,rudrāṇām
शङ्करः,śaṅkaraḥ
वित्तेशः,vitteśaḥ
यक्षरक्षसाम्,yakṣarakṣasām
वसूनाम्,vasūnām
मेरुः,meruḥ
शिखरिणाम्,śikhariṇām
पुरोधसाम्,purodhasām
मुख्यम्,mukhyam
बृहस्पतिम्,bṛhaspatim
सेनानीनाम्,senānīnām
स्कन्दः,skandaḥ
सरसाम्,sarasām
सागरः,sāgaraḥ
महर्षीणाम्,maharṣīṇām
भृगुः,bhṛguḥ
गिराम्,girām
यज्ञानाम्,yajñānām
जपयज्ञः,japayajñaḥ
स्थावराणाम्,sthāvarāṇām
हिमालयः,himālayaḥ
अश्वत्थः,aśvatthaḥ
सर्ववृक्षाणाम्,sarvavṛkṣāṇām
देवर्षीणाम्,devarṣīṇām
गन्धर्वाणाम्,gandharvāṇām
चित्ररथः,citrarathaḥ
कपिलः,kapilaḥ
उच्चैःश्रवसम्,uccaiḥśravasam
अश्वानाम्,aśvānām
अमृतोद्भवम्,amṛtodbhavam
ऐरावतम्,airāvatam
गजेन्द्राणाम्,gajendrāṇām
नराणाम्,narāṇām
नराधिपम्,narādhipam
आयुधानाम्,āyudhānām
वज्रम्,vajram
धेनूनाम्,dhenūnām
कामधुक्,kāmadhuk
प्रजनः,prajanaḥ
कन्दर्पः,kandarpaḥ
सर्पाणाम्,sarpāṇām
वासुकिः,vāsukiḥ
अनन्तः,anantaḥ
नागानाम्,nāgānām
वरुणः,varuṇaḥ
यादसाम्,yādasām
पितृणाम्,pitṛṇām
अर्यमा,aryamā
यमः,yamaḥ
संयमताम्,saṃyamatām
प्रह्लादः,prahlādaḥ
दैत्यानाम्,daityānām
कालः,kālaḥ
कलयताम्,kalayatām
मृगाणाम्,mṛgāṇām
मृगेन्द्रः,mṛgendraḥ
वैनतेयः,vainateyaḥ
पक्षिणाम्,pakṣiṇām
पवनः,pavanaḥ
पवताम्,pavatām
रामः,rāmaḥ
शस्त्रभृताम्,śastrabhṛtām
झषाणाम्,jhaṣāṇām
मकरः,makaraḥ
स्रोतसाम्,srotasām
जाह्नवी,jāhnavī
सर्गाणाम्,sargāṇām
अध्यात्मविद्या,adhyātmavidyā
विद्यानाम्,vidyānām
वादः,vādaḥ
प्रवदताम्,pravadatām
अक्षराणाम्,akṣarāṇām
अकारः,akāraḥ
द्वन्द्वः,dvandvaḥ
सामासिकस्य,sāmāsikasya
अक्षयः,akṣayaḥ
विश्वतोमुखः,viśvatomukhaḥ
सर्वहरः,sarvaharaḥ
उद्भवः,udbhavaḥ
भविष्यताम्,bhaviṣyatām
कीर्तिः,kīrtiḥ
श्रीः,śrīḥ
वाक्,vāk
नारीणाम्,nārīṇām
स्मृतिः,smṛtiḥ
मेधा,medhā
धृतिः,dhṛtiḥ
बृहत्साम,bṛhatsāma
साम्नाम्,sāmnām
गायत्री,gāyatrī
छन्दसाम्,chandasām
मासानाम्,māsānām
मार्गशीर्षः,mārgaśīrṣaḥ
ऋतूनाम्,ṛtūnām
कुसुमाकरः,kusumākaraḥ
द्यूतम्,dyūtam
छलयताम्,chalayatām
जयः,jayaḥ
व्यवसायः,vyavasāyaḥ
सत्त्वम्,sattvam
सत्त्ववताम्,sattvavatām
वृष्णीनाम्,vṛṣṇīnām
पाण्डवानाम्,pāṇḍavānām
मुनीनाम्,munīnām
कवीनाम्,kavīnām
उशनाः,uśanāḥ
कविः,kaviḥ
दण्डः,daṇḍaḥ
दमयताम्,damayatām
नीतिः,nītiḥ
जिगीषताम्,jigīṣatām
मौनम्,maunam
गुह्यानाम्,guhyānām
ज्ञानवताम्,jñānavatām
विना,vinā
भूतम्,bhūtam
चराचरम्,carācaram
दिव्यानाम्,divyānām
विभूतीनाम्,vibhūtīnām
परंतप,paraṃtapa
उद्देशतः,uddeśataḥ
विभूतेः,vibhūteḥ
विस्तरः,vistaraḥ
विभूतिमत्,vibhūtimat
श्रीमत्,śrīmat
ऊर्जितम्,ūrjitam
अवगच्छ,avagaccha
अंशसम्भवम,aṃśasambhavama
बहुना,bahunā
ज्ञातेन,jñātena
विष्टभ्य,viṣṭabhya
एकांशेन,ekāṃśena
मदनुग्रहाय,madanugrahāya
गुह्यम्,guhyam
अध्यात्मसंज्ञितम्,adhyātmasaṃjñitam
उक्तम्,uktam
मोहः,mohaḥ
विगतः,vigataḥ
भवाप्ययौ,bhavāpyayau
श्रुतौ,śrutau
विस्तरशः,vistaraśaḥ
त्वत्तः,tvattaḥ
कमलपत्राक्ष,kamalapatrākṣa
माहात्म्यम्,māhātmyam
आत्थ,āttha
परमेश्वर,parameśvara
द्रष्टुम्,draṣṭum
रूपम्,rūpam
शक्यम्,śakyam
प्रभो,prabho
योगेश्वर,yogeśvara
दर्शय,darśaya
रूपाणि,rūpāṇi
शतशः,śataśaḥ
सहस्रशः,sahasraśaḥ
नानाविधानि,nānāvidhāni
दिव्यानि,divyāni
नानावर्णाकृतीनि,nānāvarṇākṛtīni
आदित्यान्,ādityān
वसून्,vasūn
रुद्रान्,rudrān
अश्विनौ,aśvinau
मरुतः,marutaḥ
अदृष्टपूर्वाणि,adṛṣṭapūrvāṇi
आश्चर्याणि,āścaryāṇi
एकस्थम्,ekastham
इच्छसि,icchasi
शक्यसे,śakyase
स्वचक्षुषा,svacakṣuṣā
राजन्,rājan
महायोगेश्वरः,mahāyogeśvaraḥ
हरिः,hariḥ
दर्शयामास,darśayāmāsa
पार्थाय,pārthāya
अनेकवक्त्रनयनम्,anekavaktranayanam
अनेकाद्भुतदर्शनम्,anekādbhutadarśanam
अनेकदिव्याभरणम्,anekadivyābharaṇam
दिव्यानेकोद्यतायुधम्,divyānekodyatāyudham
दिव्यमाल्याम्बरधरम्,divyamālyāmbaradharam
दिव्यगन्धानुलेपनम्,divyagandhānulepanam
सर्वाश्चर्यमयम्,sarvāścaryamayam
देवम्,devam
अनन्तम्,anantam
सूर्यसहस्रस्य,sūryasahasrasya
युगपत्,yugapat
उत्थिता,utthitā
भाः,bhāḥ
सदृशी,sadṛśī
भासः,bhāsaḥ
महात्मनः,mahātmanaḥ
प्रविभक्तम्,pravibhaktam
अनेकधा,anekadhā
देवदेवस्य,devadevasya
विस्मयाविष्टः,vismayāviṣṭaḥ
हृष्टरोमा,hṛṣṭaromā
प्रणम्य,praṇamya
शिरसा,śirasā
कृताञ्जलिः,kṛtāñjaliḥ
अभाषत,abhāṣata
देव,deva
भूतविशेषसङ्घान्,bhūtaviśeṣasaṅghān
ब्रह्माणम्,brahmāṇam
ईशम्,īśam
कमलासनस्थम्,kamalāsanastham
ऋषीन्,ṛṣīn
उरगान्,uragān
अनेकबाहूदरवक्त्रनेत्रम्,anekabāhūdaravaktranetram
अनन्तरूपम्,anantarūpam
अन्तम्,antam
आदिम्,ādim
विश्वेश्वर,viśveśvara
विश्वरूप,viśvarūpa
किरीटिनम्,kirīṭinam
गदिनम्,gadinam
चक्रिणम्,cakriṇam
तेजोराशिम्,tejorāśim
दीप्तिमन्तम्,dīptimantam
दुर्निरीक्ष्यम्,durnirīkṣyam
समन्तात्,samantāt
दीप्तानलार्कद्युतिम्,dīptānalārkadyutim
अप्रमेयम्,aprameyam
वेदितव्यम्,veditavyam
विश्वस्य,viśvasya
अव्ययः,avyayaḥ
शाश्वतधर्मगोप्ता,śāśvatadharmagoptā
अनादिमध्यान्तम्,anādimadhyāntam
अनन्तवीर्यम्,anantavīryam
अनन्तबाहुम्,anantabāhum
शशिसूर्यनेत्रम्,śaśisūryanetram
दीप्तहुताशवक्त्रम्,dīptahutāśavaktram
स्वतेजसा,svatejasā
विश्वम्,viśvam
तपन्तम्,tapantam
द्यावापृथिव्योः,dyāvāpṛthivyoḥ
अन्तरम्,antaram
व्याप्तम्,vyāptam
एकेन,ekena
अद्भुतम्,adbhutam
उग्रम्,ugram
लोकत्रयम्,lokatrayam
प्रव्यथितम्,pravyathitam
महात्मन्,mahātman
अमी,amī
सुरसङ्घाः,surasaṅghāḥ
केचित्,kecit
भीताः,bhītāḥ
प्राञ्जलयः,prāñjalayaḥ
गृणन्ति,gṛṇanti
स्वस्ति,svasti
महर्षिसिद्धसङ्घाः,maharṣisiddhasaṅghāḥ
स्तुवन्ति,stuvanti
स्तुतिभिः,stutibhiḥ
पुष्कलाभिः,puṣkalābhiḥ
रुद्रादित्याः,rudrādityāḥ
वसवः,vasavaḥ
साध्याः,sādhyāḥ
विश्वे,viśve
उष्मपाः,uṣmapāḥ
गन्धर्वयक्षासुरसिद्धसङ्घाः,gandharvayakṣāsurasiddhasaṅghāḥ
वीक्षन्ते,vīkṣante
विस्मिताः,vismitāḥ
बहुवक्त्रनेत्रम्,bahuvaktranetram
बहुबाहूरुपादम्,bahubāhūrupādam
बहूदरम्,bahūdaram
बहुदंष्ट्राकरालम्,bahudaṃṣṭrākarālam
प्रव्यथिताः,pravyathitāḥ
नभःस्पृशम्,nabhaḥspṛśam
दीप्तम्,dīptam
अनेकवर्णम्,anekavarṇam
व्यात्ताननम्,vyāttānanam
दीप्तविशालनेत्रम्,dīptaviśālanetram
प्रव्यथितान्तरात्मा,pravyathitāntarātmā
धृतिम्,dhṛtim
विन्दामि,vindāmi
शमम्,śamam
विष्णो,viṣṇo
दंष्ट्राकरालानि,daṃṣṭrākarālāni
मुखानि,mukhāni
कालानलसन्निभानि,kālānalasannibhāni
जाने,jāne
लभे,labhe
शर्म,śarma
प्रसीद,prasīda
देवेश,deveśa
जगन्निवास,jagannivāsa
धृतराष्ट्रस्य,dhṛtarāṣṭrasya
अवनिपालसङ्घैः,avanipālasaṅghaiḥ
द्रोणः,droṇaḥ
सूतपुत्रः,sūtaputraḥ
असौ,asau
अस्मदीयैः,asmadīyaiḥ
योधमुख्यैः,yodhamukhyaiḥ
वक्त्राणि,vaktrāṇi
त्वरमाणाः,tvaramāṇāḥ
भयानकानि,bhayānakāni
विलग्नाः,vilagnāḥ
दशनान्तरेषु,daśanāntareṣu
संदृश्यन्ते,saṃdṛśyante
चूर्णितैः,cūrṇitaiḥ
उत्तमाङ्गैः,uttamāṅgaiḥ
नदीनाम्,nadīnām
अम्बुवेगाः,ambuvegāḥ
अभिमुखाः,abhimukhāḥ
द्रवन्ति,dravanti
नरलोकवीराः,naralokavīrāḥ
अभिविज्वलन्ति,abhivijvalanti
प्रदीप्तम्,pradīptam
ज्वलनम्,jvalanam
पतङ्गाः,pataṅgāḥ
नाशाय,nāśāya
समृद्धवेगाः,samṛddhavegāḥ
लेलिह्यसे,lelihyase
ग्रसमानः,grasamānaḥ
समग्रान्,samagrān
वदनैः,vadanaiḥ
ज्वलद्भिः,jvaladbhiḥ
तेजोभिः,tejobhiḥ
आपूर्य,āpūrya
उग्राः,ugrāḥ
प्रतपन्ति,pratapanti
आख्याहि,ākhyāhi
उग्ररूपः,ugrarūpaḥ
नमः,namaḥ
देववर,devavara
विज्ञातुम्,vijñātum
भवन्तम्,bhavantam
प्रजानामि,prajānāmi
प्रवृत्तिम्,pravṛttim
लोकक्षयकृत्,lokakṣayakṛt
प्रवृद्धः,pravṛddhaḥ
समाहर्तुम्,samāhartum
प्रवृत्तः,pravṛttaḥ
ऋते,ṛte
भविष्यन्ति,bhaviṣyanti
प्रत्यनीकेषु,pratyanīkeṣu
योधाः,yodhāḥ
लभस्व,labhasva
शत्रून्,śatrūn
भुङ्क्ष्व,bhuṅkṣva
समृद्धम्,samṛddham
निहताः,nihatāḥ
पूर्वम्,pūrvam
निमित्तमात्रम्,nimittamātram
सव्यसाचिन्,savyasācin
जयद्रथम्,jayadratham
कर्णम्,karṇam
अन्यान्,anyān
योधवीरान्,yodhavīrān
हतान्,hatān
व्यथिष्ठाः,vyathiṣṭhāḥ
जेतासि,jetāsi
सपत्नान्,sapatnān
केशवस्य,keśavasya
वेपमानः,vepamānaḥ
किरीटि,kirīṭi
नमस्कृत्वा,namaskṛtvā
कृष्णम्,kṛṣṇam
सगद्गदम्,sagadgadam
भीतभीतः,bhītabhītaḥ
स्थाने,sthāne
हृषीकेश,hṛṣīkeśa
प्रकीर्त्या,prakīrtyā
प्रहृष्यति,prahṛṣyati
अनुरज्यते,anurajyate
रक्षांसि,rakṣāṃsi
भीतानि,bhītāni
नमस्यन्ति,namasyanti
सिद्धसङ्घाः,siddhasaṅghāḥ
कस्मात्,kasmāt
नमेरन्,nameran
गरीयसे,garīyase
आदिकर्त्रे,ādikartre
अनन्त,ananta
आदिदेवः,ādidevaḥ
वेत्ता,vettā
अनन्तरूप,anantarūpa
शशाङ्कः,śaśāṅkaḥ
प्रपितामहः,prapitāmahaḥ
सहस्रकृत्वः,sahasrakṛtvaḥ
पुरस्तात्,purastāt
पृष्ठतः,pṛṣṭhataḥ
सर्व,sarva
अनन्तवीर्य,anantavīrya
अमितविक्रमः,amitavikramaḥ
समाप्नोषि,samāpnoṣi
हे,he
यादव,yādava
सखे,sakhe
अजानता,ajānatā
महिमानम्,mahimānam
प्रमादात्,pramādāt
प्रणयेन,praṇayena
अवहासार्थम्,avahāsārtham
असत्कृतः,asatkṛtaḥ
विहारशय्यासनभोजनेषु,vihāraśayyāsanabhojaneṣu
एकः,ekaḥ
समक्षम्,samakṣam
क्षामये,kṣāmaye
चराचरस्य,carācarasya
पूज्यः,pūjyaḥ
गुरुः,guruḥ
गरीयान्,garīyān
त्वत्समः,tvatsamaḥ
अभ्यधिकः,abhyadhikaḥ
लोकत्रये,lokatraye
अप्रतिमप्रभाव,apratimaprabhāva
प्रणिधाय,praṇidhāya
कायम्,kāyam
प्रसादये,prasādaye
ईड्यम्,īḍyam
पुत्रस्य,putrasya
सख्युः,sakhyuḥ
प्रियायाः,priyāyāḥ
अदृष्टपूर्वम्,adṛṣṭapūrvam
हृषितः,hṛṣitaḥ
भयेन,bhayena
चक्रहस्तम्,cakrahastam
रूपेण,rūpeṇa
चतुर्भुजेन,caturbhujena
सहस्रबाहो,sahasrabāho
विश्वमूर्ते,viśvamūrte
प्रसन्नेन,prasannena
दर्शितम्,darśitam
आत्मयोगात्,ātmayogāt
तेजोमयम्,tejomayam
अन्येन,anyena
दृष्टपूर्वम्,dṛṣṭapūrvam
वेदयज्ञाध्ययनैः,vedayajñādhyayanaiḥ
दानैः,dānaiḥ
क्रियाभिः,kriyābhiḥ
तपोभिः,tapobhiḥ
उग्रैः,ugraiḥ
एवंरूपः,evaṃrūpaḥ
नृलोके,nṛloke
कुरुप्रवीर,kurupravīra
व्यथा,vyathā
विमूढभावः,vimūḍhabhāvaḥ
घोरम्,ghoram
ईदृक्,īdṛk
व्यपेतभीः,vyapetabhīḥ
प्रीतमनाः,prītamanāḥ
प्रपश्य,prapaśya
अर्जुनम्,arjunam
स्वकम्,svakam
आश्वासयामास,āśvāsayāmāsa
भीतम्,bhītam
सौम्यवपुः,saumyavapuḥ
मानुषम्,mānuṣam
सौम्यम्,saumyam
इदानीम्,idānīm
संवृत्तः,saṃvṛttaḥ
सचेताः,sacetāḥ
गतः,gataḥ
सुदुर्दर्शम्,sudurdarśam
दृष्टवान्,dṛṣṭavān
रूपस्य,rūpasya
दर्शनकाङ्क्षिणः,darśanakāṅkṣiṇaḥ
वेदैः,vedaiḥ
तपसा,tapasā
दानेन,dānena
इज्यया,ijyayā
एवंविधः,evaṃvidhaḥ
ज्ञातुम्,jñātum
प्रवेष्टुम्,praveṣṭum
मत्कर्मकृत्,matkarmakṛt
मत्परमः,matparamaḥ
सङ्गवर्जितः,saṅgavarjitaḥ
निर्वैरः,nirvairaḥ
सततयुक्ताः,satatayuktāḥ
के,ke
योगवित्तमाः,yogavittamāḥ
उपेताः,upetāḥ
युक्ततमाः,yuktatamāḥ
मताः,matāḥ
अनिर्देश्यम्,anirdeśyam
सर्वत्रगम्,sarvatragam
अचिन्त्यम्,acintyam
कूटस्थम्,kūṭastham
संनियम्य,saṃniyamya
समबुद्धयः,samabuddhayaḥ
प्राप्नुवन्ति,prāpnuvanti
क्लेशः,kleśaḥ
अधिकतरः,adhikataraḥ
अव्यक्तासक्तचेतसाम्,avyaktāsaktacetasām
अव्यक्ता,avyaktā
देहवद्भिः,dehavadbhiḥ
अवाप्यते,avāpyate
मत्पराः,matparāḥ
अनन्येन,ananyena
ध्यायन्तः,dhyāyantaḥ
समुद्धर्ता,samuddhartā
मृत्युसंसारसागरात्,mṛtyusaṃsārasāgarāt
भवामि,bhavāmi
नचिरात्,nacirāt
आवेशितचेतसाम्,āveśitacetasām
आधत्स्व,ādhatsva
निवेशय,niveśaya
निवसिष्यसि,nivasiṣyasi
ऊर्ध्वम्,ūrdhvam
समाधातुम्,samādhātum
शक्नोषि,śaknoṣi
अभ्यासयोगेन,abhyāsayogena
इच्छ,iccha
अभ्यासे,abhyāse
असमर्थः,asamarthaḥ
मत्कर्मपरमः,matkarmaparamaḥ
मदर्थम्,madartham
अशक्तः,aśaktaḥ
मद्योगम्,madyogam
आश्रितः,āśritaḥ
सर्वकर्मफलत्यागम्,sarvakarmaphalatyāgam
यतात्मवान्,yatātmavān
अभ्यासात्,abhyāsāt
ज्ञानात्,jñānāt
ध्यानम्,dhyānam
ध्यानात्,dhyānāt
कर्मफलत्यागः,karmaphalatyāgaḥ
त्यागात्,tyāgāt
अनन्तरम्,anantaram
अद्वेष्टा,adveṣṭā
मैत्रः,maitraḥ
करुणः,karuṇaḥ
निरहङ्कारः,nirahaṅkāraḥ
समदुःखसुखः,samaduḥkhasukhaḥ
क्षमी,kṣamī
यतात्मा,yatātmā
दृढनिश्चयः,dṛḍhaniścayaḥ
यस्मात्,yasmāt
उद्विजते,udvijate
लोकात्,lokāt
हर्षामर्षभयोद्वेगैः,harṣāmarṣabhayodvegaiḥ
अनपेक्षः,anapekṣaḥ
शुचिः,śuciḥ
दक्षः,dakṣaḥ
उदासीनः,udāsīnaḥ
गतव्यथः,gatavyathaḥ
सर्वारम्भपरित्यागी,sarvārambhaparityāgī
हृष्यति,hṛṣyati
शोचति,śocati
शुभाशुभपरित्यागी,śubhāśubhaparityāgī
भक्तिमान्,bhaktimān
शत्रौ,śatrau
मित्रे,mitre
सङ्गविवर्जितः,saṅgavivarjitaḥ
तुल्यनिन्दास्तुतिः,tulyanindāstutiḥ
मौनी,maunī
केनचित्,kenacit
अनिकेतः,aniketaḥ
स्थिरमतिः,sthiramatiḥ
धर्म्यामृतम्,dharmyāmṛtam
श्रद्दधानाः,śraddadhānāḥ
मत्परमाः,matparamāḥ
अतीव,atīva
प्रियाः,priyāḥ
शरीरम्,śarīram
क्षेत्रम्,kṣetram
अभिधीयते,abhidhīyate
क्षेत्रज्ञः,kṣetrajñaḥ
तद्विदः,tadvidaḥ
क्षेत्रज्ञम्,kṣetrajñam
सर्वक्षेत्रेषु,sarvakṣetreṣu
क्षेत्रक्षेत्रज्ञयोः,kṣetrakṣetrajñayoḥ
यादृक्,yādṛk
यद्विकारि,yadvikāri
यतः,yataḥ
यत्प्रभावः,yatprabhāvaḥ
समासेन,samāsena
ऋषिभिः,ṛṣibhiḥ
गीतम्,gītam
छन्दोभिः,chandobhiḥ
विविधैः,vividhaiḥ
ब्रह्मसूत्रपदैः,brahmasūtrapadaiḥ
हेतुमद्भिः,hetumadbhiḥ
विनिश्चितैः,viniścitaiḥ
महाभूतानि,mahābhūtāni
दश,daśa
पञ्च,pañca
इन्द्रियगोचराः,indriyagocarāḥ
इच्छा,icchā
द्वेषः,dveṣaḥ
सङ्घातः,saṅghātaḥ
सविकारम्,savikāram
उदाहृतम्,udāhṛtam
अमानित्वम्,amānitvam
अदम्भित्वम्,adambhitvam
क्षान्तिः,kṣāntiḥ
आर्जवम्,ārjavam
आचार्योपासनम्,ācāryopāsanam
शौचम्,śaucam
स्थैर्यम्,sthairyam
आत्मविनिग्रहः,ātmavinigrahaḥ
वैराग्यम्,vairāgyam
अनहङ्कारः,anahaṅkāraḥ
जन्ममृत्युजराव्याधि,janmamṛtyujarāvyādhi
दुःखदोषानुदर्शनम्,duḥkhadoṣānudarśanam
असक्तिः,asaktiḥ
अनभिष्वङ्गः,anabhiṣvaṅgaḥ
पुत्रदारगृहादिषु,putradāragṛhādiṣu
समचित्तत्वम्,samacittatvam
इष्टानिष्टोपपत्तिषु,iṣṭāniṣṭopapattiṣu
अनन्ययोगेन,ananyayogena
भक्तिः,bhaktiḥ
अव्यभिचारिणी,avyabhicāriṇī
विविक्तदेशसेवित्वम्,viviktadeśasevitvam
अरतिः,aratiḥ
जनसंसदि,janasaṃsadi
अध्यात्मज्ञाननित्यत्वम्,adhyātmajñānanityatvam
तत्त्वज्ञानार्थदर्शनम्,tattvajñānārthadarśanam
अन्यथा,anyathā
अनादिमत्,anādimat
पाणिपादम्,pāṇipādam
अक्षिशिरोमुखम्,akṣiśiromukham
श्रुतिमत्,śrutimat
सर्वेन्द्रियगुणाभासम्,sarvendriyaguṇābhāsam
सर्वेन्द्रियविवर्जितम्,sarvendriyavivarjitam
सर्वभृत्,sarvabhṛt
निर्गुणम्,nirguṇam
गुणभोक्तृ,guṇabhoktṛ
अचरम्,acaram
चरम्,caram
सूक्ष्मत्वात्,sūkṣmatvāt
अविज्ञेयम्,avijñeyam
दूरस्थम्,dūrastham
अन्तिके,antike
अविभक्तम्,avibhaktam
विभक्तम्,vibhaktam
भूतभर्तृ,bhūtabhartṛ
ग्रसिष्णु,grasiṣṇu
प्रभविष्णु,prabhaviṣṇu
ज्ञानगम्यम्,jñānagamyam
विष्ठितम्,viṣṭhitam
समासतः,samāsataḥ
विज्ञाय,vijñāya
मद्भावाय,madbhāvāya
अनादी,anādī
विकारान्,vikārān
गुणान्,guṇān
प्रकृतिसंभवान्,prakṛtisaṃbhavān
कार्यकारणकर्तृत्वे,kāryakāraṇakartṛtve
हेतुः,hetuḥ
सुखदुःखानाम्,sukhaduḥkhānām
भोक्तृत्वे,bhoktṛtve
प्रकृतिस्थः,prakṛtisthaḥ
प्रकृतिजान्,prakṛtijān
गुणसङ्गः,guṇasaṅgaḥ
सदसद्योनिजन्मसु,sadasadyonijanmasu
उपद्रष्टा,upadraṣṭā
अनुमन्ता,anumantā
महेश्वरः,maheśvaraḥ
ध्यानेन,dhyānena
सांख्येन,sāṃkhyena
अन्येभ्यः,anyebhyaḥ
अतितरन्ति,atitaranti
मृत्युम्,mṛtyum
श्रुतिपरायणाः,śrutiparāyaṇāḥ
सञ्जायते,sañjāyate
स्थावरजङ्गमम्,sthāvarajaṅgamam
क्षेत्रक्षेत्रज्ञसंयोगात्,kṣetrakṣetrajñasaṃyogāt
तिष्ठन्तम्,tiṣṭhantam
परमेश्वरम्,parameśvaram
विनश्यस्तु,vinaśyastu
अविनश्यन्तम्,avinaśyantam
समवस्थितम्,samavasthitam
ईश्वरम्,īśvaram
हिनस्ति,hinasti
भूतपृथग्भावम्,bhūtapṛthagbhāvam
अनुपश्यति,anupaśyati
विस्तारम्,vistāram
सम्पद्यते,sampadyate
अनादित्वात्,anāditvāt
निर्गुणत्वात्,nirguṇatvāt
शरीरस्थः,śarīrasthaḥ
सौक्ष्म्यात्,saukṣmyāt
आकाशम्,ākāśam
उपलिप्यते,upalipyate
क्षेत्री,kṣetrī
ज्ञानचक्षुषा,jñānacakṣuṣā
भूतप्रकृतिमोक्षम्,bhūtaprakṛtimokṣam
ज्ञानानाम्,jñānānām
मुनयः,munayaḥ
उपाश्रित्य,upāśritya
साधर्म्यम्,sādharmyam
उपजायन्ते,upajāyante
प्रलये,pralaye
व्यथन्ति,vyathanti
योनिः,yoniḥ
तस्मिन्,tasmin
गर्भम्,garbham
दधामि,dadhāmi
संभवः,saṃbhavaḥ
सर्वयोनिषु,sarvayoniṣu
मूर्तयः,mūrtayaḥ
सम्भवन्ति,sambhavanti
याः,yāḥ
तासाम्,tāsām
बीजप्रदः,bījapradaḥ
रजः,rajaḥ
प्रकृतिसंभवाः,prakṛtisaṃbhavāḥ
निर्मलत्वात्,nirmalatvāt
प्रकाशकम्,prakāśakam
सुखसङ्गेन,sukhasaṅgena
बध्नाति,badhnāti
ज्ञानसङ्गेन,jñānasaṅgena
रागात्मकम्,rāgātmakam
तृष्णासङ्गसमुद्भवम्,tṛṣṇāsaṅgasamudbhavam
निबध्नाति,nibadhnāti
कर्मसङ्गेन,karmasaṅgena
मोहनम्,mohanam
सर्वदेहिनाम्,sarvadehinām
प्रमादालस्यनिद्राभिः,pramādālasyanidrābhiḥ
सुखे,sukhe
सञ्जयति,sañjayati
प्रमादे,pramāde
अभिभूय,abhibhūya
सर्वद्वारेषु,sarvadvāreṣu
विवृद्धम्,vivṛddham
लोभः,lobhaḥ
प्रवृत्तिः,pravṛttiḥ
आरम्भः,ārambhaḥ
अशमः,aśamaḥ
रजसि,rajasi
एतानि,etāni
जायन्ते,jāyante
विवृद्धे,vivṛddhe
अप्रकाशः,aprakāśaḥ
अप्रवृत्तिः,apravṛttiḥ
प्रमादः,pramādaḥ
तमसि,tamasi
सत्त्वे,sattve
प्रवृद्धे,pravṛddhe
प्रलयम्,pralayam
देहभृत्,dehabhṛt
उत्तमविदाम्,uttamavidām
अमलान्,amalān
प्रतिपद्यते,pratipadyate
गत्वा,gatvā
कर्मसङ्गिषु,karmasaṅgiṣu
प्रलीनः,pralīnaḥ
मूढयोनिषु,mūḍhayoniṣu
सुकृतस्य,sukṛtasya
सात्त्विकम्,sāttvikam
निर्मलम्,nirmalam
रजसः,rajasaḥ
सत्त्वात्,sattvāt
प्रमादमोहौ,pramādamohau
सत्त्वस्थाः,sattvasthāḥ
तिष्ठन्ति,tiṣṭhanti
जघन्यगुणवृत्तिस्थाः,jaghanyaguṇavṛttisthāḥ
अधः,adhaḥ
अन्यम्,anyam
गुणेभ्यः,guṇebhyaḥ
द्रष्टा,draṣṭā
अतीत्य,atītya
त्रीन्,trīn
देहसमुद्भवान्,dehasamudbhavān
जन्ममृत्युजरादुःखैः,janmamṛtyujarāduḥkhaiḥ
लिंगैः,liṃgaiḥ
अतीतः,atītaḥ
किमाचारः,kimācāraḥ
प्रकाशम्,prakāśam
सम्प्रवृत्तानि,sampravṛttāni
निवृत्तानि,nivṛttāni
आसीनः,āsīnaḥ
अवतिष्ठति,avatiṣṭhati
स्वस्थः,svasthaḥ
तुल्यप्रियाप्रियः,tulyapriyāpriyaḥ
तुल्यनिन्दात्मसंस्तुतिः,tulyanindātmasaṃstutiḥ
तुल्यः,tulyaḥ
मित्रारिपक्षयोः,mitrāripakṣayoḥ
गुणातीतः,guṇātītaḥ
अव्यभिचारेण,avyabhicāreṇa
भक्तियोगेन,bhaktiyogena
सेवते,sevate
समतीत्य,samatītya
ब्रह्मभूयाय,brahmabhūyāya
प्रतिष्ठा,pratiṣṭhā
अमृतस्य,amṛtasya
शाश्वतस्य,śāśvatasya
सुखस्य,sukhasya
ऐकान्तिकस्य,aikāntikasya
ऊर्ध्वमूलम्,ūrdhvamūlam
अधःशाखम्,adhaḥśākham
अश्वत्थम्,aśvattham
छन्दांसि,chandāṃsi
पर्णानि,parṇāni
वेदवित्,vedavit
प्रसृताः,prasṛtāḥ
शाखाः,śākhāḥ
गुणप्रवृद्धाः,guṇapravṛddhāḥ
विषयप्रवालाः,viṣayapravālāḥ
मूलानि,mūlāni
अनुसन्ततानि,anusantatāni
कर्मानुबन्धीनि,karmānubandhīni
मनुष्यलोके,manuṣyaloke
उपलभ्यते,upalabhyate
संप्रतिष्ठा,saṃpratiṣṭhā
सुविरूढमूलम्,suvirūḍhamūlam
असङ्गशस्त्रेण,asaṅgaśastreṇa
दृढेन,dṛḍhena
परिमार्गितव्यम्,parimārgitavyam
निवर्तन्ति,nivartanti
प्रपद्ये,prapadye
प्रसृता,prasṛtā
पुराणी,purāṇī
निर्मानमोहाः,nirmānamohāḥ
जितसङ्गदोषाः,jitasaṅgadoṣāḥ
अध्यात्मनित्याः,adhyātmanityāḥ
विनिवृत्तकामाः,vinivṛttakāmāḥ
द्वन्द्वैः,dvandvaiḥ
विमुक्ताः,vimuktāḥ
सुखदुःखसंज्ञैः,sukhaduḥkhasaṃjñaiḥ
अमूढाः,amūḍhāḥ
भासयते,bhāsayate
सूर्यः,sūryaḥ
अंशः,aṃśaḥ
जीवलोके,jīvaloke
जीवभूतः,jīvabhūtaḥ
मनःषष्ठानि,manaḥṣaṣṭhāni
प्रकृतिस्थानि,prakṛtisthāni
कर्षति,karṣati
अवाप्नोति,avāpnoti
उत्क्रामति,utkrāmati
गृहीत्वा,gṛhītvā
गन्धान्,gandhān
आशयात्,āśayāt
श्रोत्रम्,śrotram
स्पर्शनम्,sparśanam
रसनम्,rasanam
घ्राणम्,ghrāṇam
उपसेवते,upasevate
उत्क्रामन्तम्,utkrāmantam
भुञ्जानम्,bhuñjānam
गुणान्वितम्,guṇānvitam
विमूढाः,vimūḍhāḥ
अनुपश्यन्ति,anupaśyanti
ज्ञानचक्षुषः,jñānacakṣuṣaḥ
अवस्थितम्,avasthitam
अकृतात्मानः,akṛtātmānaḥ
आदित्यगतम्,ādityagatam
चन्द्रमसि,candramasi
अग्नौ,agnau
मामकम्,māmakam
गाम्,gām
आविश्य,āviśya
धारयामि,dhārayāmi
ओजसा,ojasā
पुष्णामि,puṣṇāmi
औषधीः,auṣadhīḥ
सोमः,somaḥ
रसात्मकः,rasātmakaḥ
वैश्वानरः,vaiśvānaraḥ
प्राणिनाम्,prāṇinām
प्राणापानसमायुक्तः,prāṇāpānasamāyuktaḥ
पचामि,pacāmi
अन्नम्,annam
चतुर्विधम्,caturvidham
सन्निविष्टः,sanniviṣṭaḥ
अपोहनम्,apohanam
सर्वैः,sarvaiḥ
वेद्यः,vedyaḥ
वेदान्तकृत्,vedāntakṛt
द्वौ,dvau
इमौ,imau
पुरुषौ,puruṣau
उत्तमः,uttamaḥ
उदाहृतः,udāhṛtaḥ
बिभर्ति,bibharti
क्षरम्,kṣaram
अक्षरात्,akṣarāt
वेदे,vede
प्रथितः,prathitaḥ
पुरुषोत्तमः,puruṣottamaḥ
जानाति,jānāti
पुरुषोत्तमम्,puruṣottamam
सर्ववित्,sarvavit
सर्वभावेन,sarvabhāvena
शास्त्रम्,śāstram
कृतकृत्यः,kṛtakṛtyaḥ
सत्त्वसंशुद्धिः,sattvasaṃśuddhiḥ
ज्ञानयोगव्यवस्थितिः,jñānayogavyavasthitiḥ
स्वाध्यायः,svādhyāyaḥ
अक्रोधः,akrodhaḥ
त्यागः,tyāgaḥ
अपैशुनम्,apaiśunam
दया,dayā
अलोलुप्त्वम्,aloluptvam
मार्दवम्,mārdavam
ह्रीः,hrīḥ
अचापलम्,acāpalam
अद्रोहः,adrohaḥ
नातिमानिता,nātimānitā
सम्पदम्,sampadam
अभिजातस्य,abhijātasya
दम्भः,dambhaḥ
दर्पः,darpaḥ
अभिमानः,abhimānaḥ
पारुष्यम्,pāruṣyam
सम्पत्,sampat
विमोक्षाय,vimokṣāya
निबन्धाय,nibandhāya
आसुरी,āsurī
शुचः,śucaḥ
अभिजातः,abhijātaḥ
भूतसर्गौ,bhūtasargau
दैवः,daivaḥ
आसुरः,āsuraḥ
निवृत्तिम्,nivṛttim
आसुराः,āsurāḥ
आचारः,ācāraḥ
असत्यम्,asatyam
अप्रतिष्ठम्,apratiṣṭham
अनीश्वरम्,anīśvaram
अपरस्परसम्भूतम्,aparasparasambhūtam
अन्यत,anyata
कामहैतुकम्,kāmahaitukam
दृष्टिम्,dṛṣṭim
नष्टात्मानः,naṣṭātmānaḥ
अल्पबुद्धयः,alpabuddhayaḥ
उग्रकर्माणः,ugrakarmāṇaḥ
क्षयाय,kṣayāya
कामम्,kāmam
दुष्पूरम्,duṣpūram
दम्भमानमदान्विताः,dambhamānamadānvitāḥ
मोहात्,mohāt
असद्ग्राहान्,asadgrāhān
प्रवर्तन्ते,pravartante
अशुचिव्रताः,aśucivratāḥ
चिन्ताम्,cintām
अपरिमेयाम्,aparimeyām
प्रलयान्ताम्,pralayāntām
कामोपभोगपरमाः,kāmopabhogaparamāḥ
एतावत्,etāvat
निश्चिताः,niścitāḥ
आशापाशशतैः,āśāpāśaśataiḥ
बद्धाः,baddhāḥ
कामक्रोधपरायणाः,kāmakrodhaparāyaṇāḥ
ईहन्ते,īhante
कामभोगार्थम्,kāmabhogārtham
अन्यायेन,anyāyena
अर्थसञ्चयान्,arthasañcayān
लब्धम्,labdham
प्राप्स्ये,prāpsye
मनोरथम्,manoratham
भविष्यति,bhaviṣyati
धनम्,dhanam
शत्रुः,śatruḥ
हनिष्ये,haniṣye
अपरान्,aparān
भोगी,bhogī
सिद्धः,siddhaḥ
बलवान्,balavān
आढ्यः,āḍhyaḥ
अभिजनवान्,abhijanavān
सदृशः,sadṛśaḥ
यक्ष्ये,yakṣye
दास्यामि,dāsyāmi
मोदिष्ये,modiṣye
अज्ञानविमोहिताः,ajñānavimohitāḥ
अनेकचित्तविभ्रान्ताः,anekacittavibhrāntāḥ
मोहजालसमावृताः,mohajālasamāvṛtāḥ
प्रसक्ताः,prasaktāḥ
कामभोगेषु,kāmabhogeṣu
अशुचौ,aśucau
आत्मसम्भाविताः,ātmasambhāvitāḥ
स्तब्धाः,stabdhāḥ
धनमानमदान्विताः,dhanamānamadānvitāḥ
नामयज्ञैः,nāmayajñaiḥ
दम्भेन,dambhena
अहङ्कारम्,ahaṅkāram
दर्पम्,darpam
क्रोधम्,krodham
संश्रिताः,saṃśritāḥ
आत्मपरदेहेषु,ātmaparadeheṣu
प्रद्विषन्तः,pradviṣantaḥ
अभ्यसूयकाः,abhyasūyakāḥ
द्विषतः,dviṣataḥ
क्रूरान्,krūrān
संसारेषु,saṃsāreṣu
नराधमान्,narādhamān
क्षिपामि,kṣipāmi
अजस्रम्,ajasram
अशुभान्,aśubhān
आसुरीषु,āsurīṣu
योनिषु,yoniṣu
योनिम्,yonim
आपन्नाः,āpannāḥ
जन्मनि जन्मनि,janmani janmani
अधमाम्,adhamām
त्रिविधम्,trividham
नरकस्य,narakasya
द्वारम्,dvāram
नाशनम्,nāśanam
त्रयम्,trayam
त्यजेत्,tyajet
तमोद्वारैः,tamodvāraiḥ
शास्त्रविधिम्,śāstravidhim
उत्सृज्य,utsṛjya
कामकारतः,kāmakārataḥ
कार्याकार्यव्यवस्थितौ,kāryākāryavyavasthitau
शास्त्रविधानोक्तम्,śāstravidhānoktam
आहो,āho
त्रिविधा,trividhā
श्रद्धा,śraddhā
देहिनाम्,dehinām
स्वभावजा,svabhāvajā
सात्त्विकी,sāttvikī
राजसी,rājasī
तामसी,tāmasī
सत्त्वानुरूपा,sattvānurūpā
श्रद्धामयः,śraddhāmayaḥ
यच्छ्रद्धः,yacchraddhaḥ
यक्षरक्षांसि,yakṣarakṣāṃsi
प्रेतान्,pretān
भूतगणान्,bhūtagaṇān
अशास्त्रविहितम्,aśāstravihitam
तप्यन्ते,tapyante
दम्भाहङ्कारसंयुक्ताः,dambhāhaṅkārasaṃyuktāḥ
कामरागबलान्विताः,kāmarāgabalānvitāḥ
कर्षयन्तः,karṣayantaḥ
शरीरस्थम्,śarīrastham
अन्तःशरीरस्थम्,antaḥśarīrastham
आसुरनिश्चयान्,āsuraniścayān
आहारः,āhāraḥ
त्रिविधः,trividhaḥ
भेदम्,bhedam
आयुःसत्त्वबलारोग्य,āyuḥsattvabalārogya
सुखप्रीतिविवर्धनाः,sukhaprītivivardhanāḥ
रस्याः,rasyāḥ
स्निग्धाः,snigdhāḥ
स्थिराः,sthirāḥ
हृद्याः,hṛdyāḥ
आहाराः,āhārāḥ
सात्त्विकप्रियाः,sāttvikapriyāḥ
कट्वम्ललवणात्युष्ण,kaṭvamlalavaṇātyuṣṇa
तीक्ष्णरूक्षविदाहिनः,tīkṣṇarūkṣavidāhinaḥ
राजसस्य,rājasasya
इष्टाः,iṣṭāḥ
दुःखशोकामयप्रदाः,duḥkhaśokāmayapradāḥ
यातयामम्,yātayāmam
गतरसम्,gatarasam
पूति,pūti
पर्युषितम्,paryuṣitam
उच्छिष्टम्,ucchiṣṭam
अमेध्यम्,amedhyam
भोजनम्,bhojanam
तामसप्रियम्,tāmasapriyam
अफलाकाङ्क्षिभिः,aphalākāṅkṣibhiḥ
विधिदृष्टः,vidhidṛṣṭaḥ
इज्यते,ijyate
यष्टव्यम्,yaṣṭavyam
समाधाय,samādhāya
सात्त्विकः,sāttvikaḥ
अभिसंधाय,abhisaṃdhāya
दम्भार्थम्,dambhārtham
भरतश्रेष्ठ,bharataśreṣṭha
राजसम्,rājasam
विधिहीनम्,vidhihīnam
असृष्टान्नम्,asṛṣṭānnam
मन्त्रहीनम्,mantrahīnam
अदक्षिणम्,adakṣiṇam
श्रद्धाविरहितम्,śraddhāvirahitam
तामसम्,tāmasam
परिचक्षते,paricakṣate
देवद्विजगुरुप्राज्ञ,devadvijaguruprājña
पूजनम्,pūjanam
अनुद्वेगकरम्,anudvegakaram
प्रियहितम्,priyahitam
स्वाध्यायाभ्यसनम्,svādhyāyābhyasanam
वाङ्मयम्,vāṅmayam
मनःप्रसादः,manaḥprasādaḥ
सौम्यत्वम्,saumyatvam
भावसंशुद्धिः,bhāvasaṃśuddhiḥ
मानसम्,mānasam
तप्तम्,taptam
नरैः,naraiḥ
युक्तैः,yuktaiḥ
सत्कारमानपूजार्थम्,satkāramānapūjārtham
क्रियते,kriyate
अध्रुवम्,adhruvam
मूढग्राहेण,mūḍhagrāheṇa
पीडया,pīḍayā
परस्य,parasya
उत्सादनार्थम्,utsādanārtham
दातव्यम्,dātavyam
दीयते,dīyate
अनुपकारिणे,anupakāriṇe
पात्रे,pātre
स्मृतम्,smṛtam
प्रत्युपकारार्थम्,pratyupakārārtham
उद्दिश्य,uddiśya
परिक्लिष्टम्,parikliṣṭam
अदेशकाले,adeśakāle
अपात्रेभ्यः,apātrebhyaḥ
असत्कृतम्,asatkṛtam
अवज्ञातम्,avajñātam
निर्देशः,nirdeśaḥ
स्मृतः,smṛtaḥ
विहिताः,vihitāḥ
उदाहृत्य,udāhṛtya
यज्ञदानतपःक्रियाः,yajñadānatapaḥkriyāḥ
विधानोक्ताः,vidhānoktāḥ
ब्रह्मवादिनाम्,brahmavādinām
अनभिसन्धाय,anabhisandhāya
यज्ञतपःक्रियाः,yajñatapaḥkriyāḥ
दानक्रियाः,dānakriyāḥ
विविधाः,vividhāḥ
क्रियन्ते,kriyante
मोक्षकाङ्क्षिभिः,mokṣakāṅkṣibhiḥ
सद्भावे,sadbhāve
साधुभावे,sādhubhāve
प्रयुज्यते,prayujyate
प्रशस्ते,praśaste
तपसि,tapasi
दाने,dāne
तदर्थीयम्,tadarthīyam
अश्रद्धया,aśraddhayā
दत्तम्,dattam
प्रेत्य,pretya
नो,no
संन्यासस्य,saṃnyāsasya
तत्त्वम्,tattvam
वेदितुम्,veditum
त्यागस्य,tyāgasya
केशिनिषूदन,keśiniṣūdana
काम्यानाम्,kāmyānām
न्यासम्,nyāsam
त्यागम्,tyāgam
विचक्षणाः,vicakṣaṇāḥ
त्याज्यम्,tyājyam
दोषवत्,doṣavat
एके,eke
यज्ञदानतपःकर्म,yajñadānatapaḥkarma
निश्चयम्,niścayam
त्यागे,tyāge
भरतसत्तम,bharatasattama
पुरुषव्याघ्र,puruṣavyāghra
संप्रकीर्तितः,saṃprakīrtitaḥ
पावनानि,pāvanāni
मनीषिणाम्,manīṣiṇām
फलानि,phalāni
कर्तव्यानि,kartavyāni
नियतस्य,niyatasya
परित्यागः,parityāgaḥ
तामसः,tāmasaḥ
परिकीर्तितः,parikīrtitaḥ
कायक्लेशभयात्,kāyakleśabhayāt
त्यागफलम्,tyāgaphalam
लभेत्,labhet
अकुशलम्,akuśalam
कुशले,kuśale
त्यागी,tyāgī
सत्त्वसमाविष्टः,sattvasamāviṣṭaḥ
मेधावी,medhāvī
छिन्नसंशयः,chinnasaṃśayaḥ
देहभृता,dehabhṛtā
त्यक्तुम्,tyaktum
कर्मफलत्यागी,karmaphalatyāgī
अनिष्टम्,aniṣṭam
इष्टम्,iṣṭam
मिश्रम्,miśram
अत्यागिनाम्,atyāginām
संन्यासिनाम्,saṃnyāsinām
क्वचित्,kvacit
कारणानि,kāraṇāni
कृतान्ते,kṛtānte
प्रोक्तानि,proktāni
सर्वकर्मणाम्,sarvakarmaṇām
करणम्,karaṇam
पृथग्विधम्,pṛthagvidham
चेष्टाः,ceṣṭāḥ
पञ्चमम्,pañcamam
शरीरवाङ्मनोभिः,śarīravāṅmanobhiḥ
प्रारभते,prārabhate
न्याय्यम्,nyāyyam
विपरीतम्,viparītam
हेतवः,hetavaḥ
सति,sati
अकृतबुद्धित्वात्,akṛtabuddhitvāt
दुर्मतिः,durmatiḥ
अहंकृतः,ahaṃkṛtaḥ
परिज्ञाता,parijñātā
कर्मचोदना,karmacodanā
कर्मसंग्रहः,karmasaṃgrahaḥ
त्रिधा,tridhā
गुणभेदतः,guṇabhedataḥ
प्रोच्यते,procyate
गुणसंख्याने,guṇasaṃkhyāne
यथावत्,yathāvat
विभक्तेषु,vibhakteṣu
नानाभावान्,nānābhāvān
पृथग्विधान्,pṛthagvidhān
कृत्स्नवत्,kṛtsnavat
एकस्मिन्,ekasmin
कार्ये,kārye
सक्तम्,saktam
अहैतुकम्,ahaitukam
अतत्त्वार्थवत्,atattvārthavat
अल्पम्,alpam
सङ्गरहितम्,saṅgarahitam
अरागद्वेषतः,arāgadveṣataḥ
अफलप्रेप्सुना,aphalaprepsunā
कामेप्सुना,kāmepsunā
साहङ्कारेण,sāhaṅkāreṇa
बहुलायासम्,bahulāyāsam
अनुबन्धम्,anubandham
क्षयम्,kṣayam
हिंसाम्,hiṃsām
अनपेक्ष्य,anapekṣya
आरभ्यते,ārabhyate
मुक्तसङ्गः,muktasaṅgaḥ
अनहंवादी,anahaṃvādī
धृत्युत्साहसमन्वितः,dhṛtyutsāhasamanvitaḥ
निर्विकारः,nirvikāraḥ
रागी,rāgī
कर्मफलप्रेप्सुः,karmaphalaprepsuḥ
लुब्धः,lubdhaḥ
हिंसात्मकः,hiṃsātmakaḥ
अशुचिः,aśuciḥ
हर्षशोकान्वितः,harṣaśokānvitaḥ
राजसः,rājasaḥ
प्राकृतः,prākṛtaḥ
स्तब्धः,stabdhaḥ
शठः,śaṭhaḥ
नैष्कृतिकः,naiṣkṛtikaḥ
अलसः,alasaḥ
विषादी,viṣādī
दीर्घसूत्री,dīrghasūtrī
धृतेः,dhṛteḥ
गुणतः,guṇataḥ
प्रोच्यमानम्,procyamānam
कार्याकार्ये,kāryākārye
भयाभये,bhayābhaye
बन्धम्,bandham
मोक्षम्,mokṣam
धर्मम्,dharmam
अधर्मम्,adharmam
अकार्यम्,akāryam
अयथावत्,ayathāvat
प्रजानाति,prajānāti
तमसा,tamasā
आवृता,āvṛtā
सर्वार्थान्,sarvārthān
विपरीतान्,viparītān
धृत्या,dhṛtyā
धारयते,dhārayate
मनःप्राणेन्द्रियक्रियाः,manaḥprāṇendriyakriyāḥ
अव्यभिचारिण्या,avyabhicāriṇyā
धर्मकामार्थान्,dharmakāmārthān
प्रसङ्गेन,prasaṅgena
फलाकाङ्क्षी,phalākāṅkṣī
स्वप्नम्,svapnam
विषादम्,viṣādam
मदम्,madam
विमुञ्चति,vimuñcati
दुर्मेधाः,durmedhāḥ
दुःखान्तम्,duḥkhāntam
अग्रे,agre
विषम्,viṣam
परिणामे,pariṇāme
अमृतोपमम्,amṛtopamam
आत्मबुद्धिप्रसादजम्,ātmabuddhiprasādajam
विषयेन्द्रियसंयोगात्,viṣayendriyasaṃyogāt
अनुबन्धे,anubandhe
निद्रालस्यप्रमादोत्थम्,nidrālasyapramādottham
देवेषु,deveṣu
मुक्तम्,muktam
ब्राह्मणक्षत्रियविशाम्,brāhmaṇakṣatriyaviśām
शूद्राणाम्,śūdrāṇām
प्रविभक्तानि,pravibhaktāni
स्वभावप्रभवैः,svabhāvaprabhavaiḥ
विज्ञानम्,vijñānam
आस्तिक्यम्,āstikyam
ब्रह्मकर्म,brahmakarma
स्वभावजम्,svabhāvajam
शौर्यम्,śauryam
दाक्ष्यम्,dākṣyam
अपलायनम्,apalāyanam
ईश्वरभावः,īśvarabhāvaḥ
क्षात्रम्,kṣātram
कृषिगौरक्ष्यवाणिज्यम्,kṛṣigaurakṣyavāṇijyam
वैश्यकर्म,vaiśyakarma
परिचर्यात्मकम्,paricaryātmakam
शूद्रस्य,śūdrasya
स्वे स्वे,sve sve
अभिरतः,abhirataḥ
स्वकर्मनिरतः,svakarmanirataḥ
स्वकर्मणा,svakarmaṇā
अभ्यर्च्य,abhyarcya
स्वभावनियतम्,svabhāvaniyatam
सहजम्,sahajam
सदोषम्,sadoṣam
सर्वारम्भाः,sarvārambhāḥ
दोषेण,doṣeṇa
आवृताः,āvṛtāḥ
असक्तबुद्धिः,asaktabuddhiḥ
जितात्मा,jitātmā
नैष्कर्म्यसिद्धिम्,naiṣkarmyasiddhim
संन्यासेन,saṃnyāsena
प्राप्तः,prāptaḥ
ज्ञानस्य,jñānasya
विशुद्धया,viśuddhayā
व्युदस्य,vyudasya
विविक्तसेवी,viviktasevī
लघ्वाशी,laghvāśī
यतवाक्कायमानसः,yatavākkāyamānasaḥ
ध्यानयोगपरः,dhyānayogaparaḥ
समुपाश्रितः,samupāśritaḥ
परिग्रहम्,parigraham
विमुच्य,vimucya
शान्तः,śāntaḥ
प्रसन्नात्मा,prasannātmā
मद्भक्तिम्,madbhaktim
विशते,viśate
कुर्वाणः,kurvāṇaḥ
मद्व्यपाश्रयः,madvyapāśrayaḥ
मत्प्रसादात्,matprasādāt
सर्वदुर्गाणि,sarvadurgāṇi
तरिष्यसि,tariṣyasi
अहङ्कारात्,ahaṅkārāt
श्रोष्यसि,śroṣyasi
विनङ्क्ष्यसि,vinaṅkṣyasi
मिथ्या,mithyā
नियोक्ष्यति,niyokṣyati
स्वभावजेन,svabhāvajena
निबद्धः,nibaddhaḥ
स्वेन,svena
हृद्देशे,hṛddeśe
भ्रामयन्,bhrāmayan
यन्त्रारूढानि,yantrārūḍhāni
गच्छ,gaccha
तत्प्रसादात्,tatprasādāt
आख्यातम्,ākhyātam
गुह्यात्,guhyāt
गुह्यतरम्,guhyataram
विमृश्य,vimṛśya
सर्वगुह्यतमम्,sarvaguhyatamam
इष्टः,iṣṭaḥ
हितम्,hitam
प्रतिजाने,pratijāne
सर्वधर्मान्,sarvadharmān
परित्यज्य,parityajya
व्रज,vraja
सर्वपापेभ्यः,sarvapāpebhyaḥ
मोक्षयिष्यामि,mokṣayiṣyāmi
अतपस्काय,atapaskāya
अभक्ताय,abhaktāya
अशुश्रूषवे,aśuśrūṣave
वाच्यम्,vācyam
अभ्यसूयति,abhyasūyati
मद्भक्तेषु,madbhakteṣu
अभिधास्यति,abhidhāsyati
भक्तिम्,bhaktim
एष्यति,eṣyati
असंशयः,asaṃśayaḥ
प्रियकृत्तमः,priyakṛttamaḥ
प्रियतरः,priyataraḥ
भुवि,bhuvi
अध्येष्यते,adhyeṣyate
संवादम्,saṃvādam
आवयोः,āvayoḥ
अनसूयः,anasūyaḥ
श्रृणुयात्,śrṛṇuyāt
शुभान्,śubhān
प्राप्नुयात्,prāpnuyāt
श्रुतम्,śrutam
एकाग्रेण,ekāgreṇa
अज्ञानसंमोहः,ajñānasaṃmohaḥ
प्रनष्टः,pranaṣṭaḥ
लब्धा,labdhā
त्वत्प्रसादात्,tvatprasādāt
गतसन्देहः,gatasandehaḥ
करिष्ये,kariṣye
वासुदेवस्य,vāsudevasya
पार्थस्य,pārthasya
अश्रौषम्,aśrauṣam
रोमहर्षणम्,romaharṣaṇam
व्यासप्रसादात्,vyāsaprasādāt
श्रुतवान्,śrutavān
योगेश्वरात्,yogeśvarāt
कृष्णात्,kṛṣṇāt
साक्षात्,sākṣāt
कथयतः,kathayataḥ
संस्मृत्य संस्मृत्य,saṃsmṛtya saṃsmṛtya
केशवार्जुनयोः,keśavārjunayoḥ
हृष्यामि,hṛṣyāmi
मुहुः मुहुः,muhuḥ muhuḥ
हरेः,hareḥ
विस्मयः,vismayaḥ
योगेश्वरः,yogeśvaraḥ
धनुर्धरः,dhanurdharaḥ
विजयः,vijayaḥ
भूतिः,bhūtiḥ
ध्रुवा,dhruvā
